year	country	total	r0	r1	r2	r3	share
1994	Albania	0	0	0	0	0	0.000000%
1994	Algeria	0	0	0	0	0	0.000000%
1994	Angola	0	0	0	0	0	0.000000%
1994	Argentina	0	0	0	0	0	0.000000%
1994	Australia	3	0	0	0	3	100.000000%
1994	Austria	0	0	0	0	0	0.000000%
1994	Bahamas	0	0	0	0	0	0.000000%
1994	Belgium	1	0	0	0	1	100.000000%
1994	Bolivia	0	0	0	0	0	0.000000%
1994	Bosnia and Herzegovina	0	0	0	0	0	0.000000%
1994	Brazil	0	0	0	0	0	0.000000%
1994	Bulgaria	0	0	0	0	0	0.000000%
1994	Cambodia	0	0	0	0	0	0.000000%
1994	Cameroon	0	0	0	0	0	0.000000%
1994	Canada	1	0	1	0	0	0.000000%
1994	Chile	0	0	0	0	0	0.000000%
1994	China	0	0	0	0	0	0.000000%
1994	Colombia	0	0	0	0	0	0.000000%
1994	Congo	0	0	0	0	0	0.000000%
1994	Costa Rica	0	0	0	0	0	0.000000%
1994	Croatia	0	0	0	0	0	0.000000%
1994	Cuba	0	0	0	0	0	0.000000%
1994	Cyprus	0	0	0	0	0	0.000000%
1994	Czech Republic	0	0	0	0	0	0.000000%
1994	Denmark	0	0	0	0	0	0.000000%
1994	Ecuador	0	0	0	0	0	0.000000%
1994	Egypt	0	0	0	0	0	0.000000%
1994	Estonia	0	0	0	0	0	0.000000%
1994	Finland	0	0	0	0	0	0.000000%
1994	France	11	1	3	0	7	63.636364%
1994	French Polynesia	0	0	0	0	0	0.000000%
1994	Georgia	0	0	0	0	0	0.000000%
1994	Germany	4	0	3	0	1	25.000000%
1994	Greece	0	0	0	0	0	0.000000%
1994	Hong Kong	4	0	1	1	2	50.000000%
1994	Hungary	0	0	0	0	0	0.000000%
1994	Iceland	0	0	0	0	0	0.000000%
1994	India	0	0	0	0	0	0.000000%
1994	Indonesia	0	0	0	0	0	0.000000%
1994	Iran	0	0	0	0	0	0.000000%
1994	Ireland	1	0	0	0	1	100.000000%
1994	Israel	0	0	0	0	0	0.000000%
1994	Italy	0	0	0	0	0	0.000000%
1994	Japan	4	1	2	0	1	25.000000%
1994	Jordan	0	0	0	0	0	0.000000%
1994	Kazakhstan	0	0	0	0	0	0.000000%
1994	Lebanon	0	0	0	0	0	0.000000%
1994	Liechtenstein	0	0	0	0	0	0.000000%
1994	Lithuania	0	0	0	0	0	0.000000%
1994	Luxembourg	0	0	0	0	0	0.000000%
1994	Malaysia	0	0	0	0	0	0.000000%
1994	Malta	0	0	0	0	0	0.000000%
1994	Mexico	0	0	0	0	0	0.000000%
1994	Mongolia	0	0	0	0	0	0.000000%
1994	Montenegro	0	0	0	0	0	0.000000%
1994	Morocco	0	0	0	0	0	0.000000%
1994	Netherlands	1	0	0	0	1	100.000000%
1994	Netherlands Antilles	0	0	0	0	0	0.000000%
1994	New Zealand	1	0	0	0	1	100.000000%
1994	Norway	0	0	0	0	0	0.000000%
1994	Pakistan	0	0	0	0	0	0.000000%
1994	Palestinian Territory	0	0	0	0	0	0.000000%
1994	Panama	0	0	0	0	0	0.000000%
1994	Peru	1	0	1	0	0	0.000000%
1994	Philippines	0	0	0	0	0	0.000000%
1994	Poland	2	0	1	0	1	50.000000%
1994	Portugal	0	0	0	0	0	0.000000%
1994	Puerto Rico	0	0	0	0	0	0.000000%
1994	Qatar	0	0	0	0	0	0.000000%
1994	Romania	0	0	0	0	0	0.000000%
1994	Russia	0	0	0	0	0	0.000000%
1994	Saudi Arabia	0	0	0	0	0	0.000000%
1994	Senegal	0	0	0	0	0	0.000000%
1994	Serbia	0	0	0	0	0	0.000000%
1994	Serbia and Montenegro	0	0	0	0	0	0.000000%
1994	Singapore	0	0	0	0	0	0.000000%
1994	Slovakia	0	0	0	0	0	0.000000%
1994	Slovenia	0	0	0	0	0	0.000000%
1994	South Africa	0	0	0	0	0	0.000000%
1994	South Korea	0	0	0	0	0	0.000000%
1994	Soviet Union	0	0	0	0	0	0.000000%
1994	Spain	1	0	0	0	1	100.000000%
1994	Sweden	0	0	0	0	0	0.000000%
1994	Switzerland	1	0	0	0	1	100.000000%
1994	Taiwan	1	0	0	0	1	100.000000%
1994	Thailand	0	0	0	0	0	0.000000%
1994	Tunisia	0	0	0	0	0	0.000000%
1994	Turkey	0	0	0	0	0	0.000000%
1994	Uganda	0	0	0	0	0	0.000000%
1994	Ukraine	0	0	0	0	0	0.000000%
1994	United Arab Emirates	0	0	0	0	0	0.000000%
1994	United Kingdom	12	2	3	0	7	58.333333%
1994	United States of America	71	8	23	6	34	47.887324%
1994	Uruguay	0	0	0	0	0	0.000000%
1994	Venezuela	0	0	0	0	0	0.000000%
1995	Albania	0	0	0	0	0	0.000000%
1995	Algeria	0	0	0	0	0	0.000000%
1995	Angola	0	0	0	0	0	0.000000%
1995	Argentina	0	0	0	0	0	0.000000%
1995	Australia	1	0	0	0	1	100.000000%
1995	Austria	1	1	0	0	0	0.000000%
1995	Bahamas	0	0	0	0	0	0.000000%
1995	Belgium	2	0	1	0	1	50.000000%
1995	Bolivia	0	0	0	0	0	0.000000%
1995	Bosnia and Herzegovina	0	0	0	0	0	0.000000%
1995	Brazil	0	0	0	0	0	0.000000%
1995	Bulgaria	0	0	0	0	0	0.000000%
1995	Cambodia	0	0	0	0	0	0.000000%
1995	Cameroon	0	0	0	0	0	0.000000%
1995	Canada	4	0	2	0	2	50.000000%
1995	Chile	0	0	0	0	0	0.000000%
1995	China	0	0	0	0	0	0.000000%
1995	Colombia	0	0	0	0	0	0.000000%
1995	Congo	0	0	0	0	0	0.000000%
1995	Costa Rica	0	0	0	0	0	0.000000%
1995	Croatia	0	0	0	0	0	0.000000%
1995	Cuba	0	0	0	0	0	0.000000%
1995	Cyprus	0	0	0	0	0	0.000000%
1995	Czech Republic	1	0	1	0	0	0.000000%
1995	Denmark	0	0	0	0	0	0.000000%
1995	Ecuador	0	0	0	0	0	0.000000%
1995	Egypt	0	0	0	0	0	0.000000%
1995	Estonia	0	0	0	0	0	0.000000%
1995	Finland	0	0	0	0	0	0.000000%
1995	France	11	1	4	1	5	45.454545%
1995	French Polynesia	0	0	0	0	0	0.000000%
1995	Georgia	0	0	0	0	0	0.000000%
1995	Germany	4	0	2	0	2	50.000000%
1995	Greece	0	0	0	0	0	0.000000%
1995	Hong Kong	2	0	2	0	0	0.000000%
1995	Hungary	1	0	1	0	0	0.000000%
1995	Iceland	0	0	0	0	0	0.000000%
1995	India	1	0	0	0	1	100.000000%
1995	Indonesia	0	0	0	0	0	0.000000%
1995	Iran	0	0	0	0	0	0.000000%
1995	Ireland	1	0	0	0	1	100.000000%
1995	Israel	0	0	0	0	0	0.000000%
1995	Italy	3	0	1	1	1	33.333333%
1995	Japan	7	1	0	1	5	71.428571%
1995	Jordan	0	0	0	0	0	0.000000%
1995	Kazakhstan	0	0	0	0	0	0.000000%
1995	Lebanon	0	0	0	0	0	0.000000%
1995	Liechtenstein	0	0	0	0	0	0.000000%
1995	Lithuania	0	0	0	0	0	0.000000%
1995	Luxembourg	0	0	0	0	0	0.000000%
1995	Malaysia	0	0	0	0	0	0.000000%
1995	Malta	0	0	0	0	0	0.000000%
1995	Mexico	0	0	0	0	0	0.000000%
1995	Mongolia	0	0	0	0	0	0.000000%
1995	Montenegro	0	0	0	0	0	0.000000%
1995	Morocco	0	0	0	0	0	0.000000%
1995	Netherlands	1	0	0	0	1	100.000000%
1995	Netherlands Antilles	0	0	0	0	0	0.000000%
1995	New Zealand	0	0	0	0	0	0.000000%
1995	Norway	0	0	0	0	0	0.000000%
1995	Pakistan	0	0	0	0	0	0.000000%
1995	Palestinian Territory	0	0	0	0	0	0.000000%
1995	Panama	0	0	0	0	0	0.000000%
1995	Peru	0	0	0	0	0	0.000000%
1995	Philippines	0	0	0	0	0	0.000000%
1995	Poland	0	0	0	0	0	0.000000%
1995	Portugal	0	0	0	0	0	0.000000%
1995	Puerto Rico	0	0	0	0	0	0.000000%
1995	Qatar	0	0	0	0	0	0.000000%
1995	Romania	0	0	0	0	0	0.000000%
1995	Russia	0	0	0	0	0	0.000000%
1995	Saudi Arabia	0	0	0	0	0	0.000000%
1995	Senegal	0	0	0	0	0	0.000000%
1995	Serbia	1	0	1	0	0	0.000000%
1995	Serbia and Montenegro	0	0	0	0	0	0.000000%
1995	Singapore	0	0	0	0	0	0.000000%
1995	Slovakia	0	0	0	0	0	0.000000%
1995	Slovenia	0	0	0	0	0	0.000000%
1995	South Africa	0	0	0	0	0	0.000000%
1995	South Korea	0	0	0	0	0	0.000000%
1995	Soviet Union	0	0	0	0	0	0.000000%
1995	Spain	5	0	1	0	4	80.000000%
1995	Sweden	0	0	0	0	0	0.000000%
1995	Switzerland	1	1	0	0	0	0.000000%
1995	Taiwan	0	0	0	0	0	0.000000%
1995	Thailand	0	0	0	0	0	0.000000%
1995	Tunisia	0	0	0	0	0	0.000000%
1995	Turkey	0	0	0	0	0	0.000000%
1995	Uganda	0	0	0	0	0	0.000000%
1995	Ukraine	0	0	0	0	0	0.000000%
1995	United Arab Emirates	0	0	0	0	0	0.000000%
1995	United Kingdom	13	0	3	1	9	69.230769%
1995	United States of America	78	3	15	11	49	62.820513%
1995	Uruguay	0	0	0	0	0	0.000000%
1995	Venezuela	0	0	0	0	0	0.000000%
1996	Albania	0	0	0	0	0	0.000000%
1996	Algeria	0	0	0	0	0	0.000000%
1996	Angola	0	0	0	0	0	0.000000%
1996	Argentina	0	0	0	0	0	0.000000%
1996	Australia	2	0	0	0	2	100.000000%
1996	Austria	0	0	0	0	0	0.000000%
1996	Bahamas	0	0	0	0	0	0.000000%
1996	Belgium	1	0	0	0	1	100.000000%
1996	Bolivia	0	0	0	0	0	0.000000%
1996	Bosnia and Herzegovina	0	0	0	0	0	0.000000%
1996	Brazil	0	0	0	0	0	0.000000%
1996	Bulgaria	0	0	0	0	0	0.000000%
1996	Cambodia	0	0	0	0	0	0.000000%
1996	Cameroon	0	0	0	0	0	0.000000%
1996	Canada	6	1	1	0	4	66.666667%
1996	Chile	0	0	0	0	0	0.000000%
1996	China	0	0	0	0	0	0.000000%
1996	Colombia	0	0	0	0	0	0.000000%
1996	Congo	0	0	0	0	0	0.000000%
1996	Costa Rica	0	0	0	0	0	0.000000%
1996	Croatia	0	0	0	0	0	0.000000%
1996	Cuba	0	0	0	0	0	0.000000%
1996	Cyprus	0	0	0	0	0	0.000000%
1996	Czech Republic	0	0	0	0	0	0.000000%
1996	Denmark	1	1	0	0	0	0.000000%
1996	Ecuador	0	0	0	0	0	0.000000%
1996	Egypt	0	0	0	0	0	0.000000%
1996	Estonia	0	0	0	0	0	0.000000%
1996	Finland	0	0	0	0	0	0.000000%
1996	France	8	0	1	1	6	75.000000%
1996	French Polynesia	0	0	0	0	0	0.000000%
1996	Georgia	0	0	0	0	0	0.000000%
1996	Germany	3	0	0	0	3	100.000000%
1996	Greece	0	0	0	0	0	0.000000%
1996	Hong Kong	1	0	1	0	0	0.000000%
1996	Hungary	1	0	0	0	1	100.000000%
1996	Iceland	0	0	0	0	0	0.000000%
1996	India	1	0	0	0	1	100.000000%
1996	Indonesia	0	0	0	0	0	0.000000%
1996	Iran	0	0	0	0	0	0.000000%
1996	Ireland	1	0	0	0	1	100.000000%
1996	Israel	0	0	0	0	0	0.000000%
1996	Italy	2	0	0	0	2	100.000000%
1996	Japan	3	1	0	0	2	66.666667%
1996	Jordan	0	0	0	0	0	0.000000%
1996	Kazakhstan	0	0	0	0	0	0.000000%
1996	Lebanon	0	0	0	0	0	0.000000%
1996	Liechtenstein	0	0	0	0	0	0.000000%
1996	Lithuania	0	0	0	0	0	0.000000%
1996	Luxembourg	0	0	0	0	0	0.000000%
1996	Malaysia	0	0	0	0	0	0.000000%
1996	Malta	0	0	0	0	0	0.000000%
1996	Mexico	0	0	0	0	0	0.000000%
1996	Mongolia	0	0	0	0	0	0.000000%
1996	Montenegro	0	0	0	0	0	0.000000%
1996	Morocco	0	0	0	0	0	0.000000%
1996	Netherlands	0	0	0	0	0	0.000000%
1996	Netherlands Antilles	0	0	0	0	0	0.000000%
1996	New Zealand	1	0	0	0	1	100.000000%
1996	Norway	0	0	0	0	0	0.000000%
1996	Pakistan	0	0	0	0	0	0.000000%
1996	Palestinian Territory	0	0	0	0	0	0.000000%
1996	Panama	0	0	0	0	0	0.000000%
1996	Peru	0	0	0	0	0	0.000000%
1996	Philippines	0	0	0	0	0	0.000000%
1996	Poland	0	0	0	0	0	0.000000%
1996	Portugal	1	0	0	1	0	0.000000%
1996	Puerto Rico	0	0	0	0	0	0.000000%
1996	Qatar	0	0	0	0	0	0.000000%
1996	Romania	0	0	0	0	0	0.000000%
1996	Russia	0	0	0	0	0	0.000000%
1996	Saudi Arabia	0	0	0	0	0	0.000000%
1996	Senegal	0	0	0	0	0	0.000000%
1996	Serbia	0	0	0	0	0	0.000000%
1996	Serbia and Montenegro	0	0	0	0	0	0.000000%
1996	Singapore	0	0	0	0	0	0.000000%
1996	Slovakia	0	0	0	0	0	0.000000%
1996	Slovenia	0	0	0	0	0	0.000000%
1996	South Africa	0	0	0	0	0	0.000000%
1996	South Korea	0	0	0	0	0	0.000000%
1996	Soviet Union	0	0	0	0	0	0.000000%
1996	Spain	1	0	0	0	1	100.000000%
1996	Sweden	0	0	0	0	0	0.000000%
1996	Switzerland	0	0	0	0	0	0.000000%
1996	Taiwan	0	0	0	0	0	0.000000%
1996	Thailand	0	0	0	0	0	0.000000%
1996	Tunisia	0	0	0	0	0	0.000000%
1996	Turkey	0	0	0	0	0	0.000000%
1996	Uganda	0	0	0	0	0	0.000000%
1996	Ukraine	0	0	0	0	0	0.000000%
1996	United Arab Emirates	0	0	0	0	0	0.000000%
1996	United Kingdom	12	0	1	1	10	83.333333%
1996	United States of America	91	5	23	8	55	60.439560%
1996	Uruguay	0	0	0	0	0	0.000000%
1996	Venezuela	0	0	0	0	0	0.000000%
1997	Albania	0	0	0	0	0	0.000000%
1997	Algeria	0	0	0	0	0	0.000000%
1997	Angola	0	0	0	0	0	0.000000%
1997	Argentina	0	0	0	0	0	0.000000%
1997	Australia	2	0	0	0	2	100.000000%
1997	Austria	1	0	0	0	1	100.000000%
1997	Bahamas	0	0	0	0	0	0.000000%
1997	Belgium	2	0	1	0	1	50.000000%
1997	Bolivia	0	0	0	0	0	0.000000%
1997	Bosnia and Herzegovina	0	0	0	0	0	0.000000%
1997	Brazil	0	0	0	0	0	0.000000%
1997	Bulgaria	0	0	0	0	0	0.000000%
1997	Cambodia	0	0	0	0	0	0.000000%
1997	Cameroon	0	0	0	0	0	0.000000%
1997	Canada	5	1	3	0	1	20.000000%
1997	Chile	0	0	0	0	0	0.000000%
1997	China	0	0	0	0	0	0.000000%
1997	Colombia	0	0	0	0	0	0.000000%
1997	Congo	0	0	0	0	0	0.000000%
1997	Costa Rica	0	0	0	0	0	0.000000%
1997	Croatia	0	0	0	0	0	0.000000%
1997	Cuba	0	0	0	0	0	0.000000%
1997	Cyprus	0	0	0	0	0	0.000000%
1997	Czech Republic	0	0	0	0	0	0.000000%
1997	Denmark	1	0	0	0	1	100.000000%
1997	Ecuador	0	0	0	0	0	0.000000%
1997	Egypt	0	0	0	0	0	0.000000%
1997	Estonia	0	0	0	0	0	0.000000%
1997	Finland	0	0	0	0	0	0.000000%
1997	France	6	1	3	1	1	16.666667%
1997	French Polynesia	0	0	0	0	0	0.000000%
1997	Georgia	0	0	0	0	0	0.000000%
1997	Germany	7	0	2	2	3	42.857143%
1997	Greece	1	0	0	1	0	0.000000%
1997	Hong Kong	1	1	0	0	0	0.000000%
1997	Hungary	1	0	1	0	0	0.000000%
1997	Iceland	0	0	0	0	0	0.000000%
1997	India	0	0	0	0	0	0.000000%
1997	Indonesia	0	0	0	0	0	0.000000%
1997	Iran	3	1	0	0	2	66.666667%
1997	Ireland	0	0	0	0	0	0.000000%
1997	Israel	0	0	0	0	0	0.000000%
1997	Italy	3	1	0	1	1	33.333333%
1997	Japan	7	0	3	0	4	57.142857%
1997	Jordan	0	0	0	0	0	0.000000%
1997	Kazakhstan	0	0	0	0	0	0.000000%
1997	Lebanon	0	0	0	0	0	0.000000%
1997	Liechtenstein	0	0	0	0	0	0.000000%
1997	Lithuania	0	0	0	0	0	0.000000%
1997	Luxembourg	1	0	1	0	0	0.000000%
1997	Malaysia	0	0	0	0	0	0.000000%
1997	Malta	1	0	0	1	0	0.000000%
1997	Mexico	0	0	0	0	0	0.000000%
1997	Mongolia	0	0	0	0	0	0.000000%
1997	Montenegro	0	0	0	0	0	0.000000%
1997	Morocco	0	0	0	0	0	0.000000%
1997	Netherlands	3	0	2	0	1	33.333333%
1997	Netherlands Antilles	0	0	0	0	0	0.000000%
1997	New Zealand	0	0	0	0	0	0.000000%
1997	Norway	0	0	0	0	0	0.000000%
1997	Pakistan	0	0	0	0	0	0.000000%
1997	Palestinian Territory	0	0	0	0	0	0.000000%
1997	Panama	0	0	0	0	0	0.000000%
1997	Peru	0	0	0	0	0	0.000000%
1997	Philippines	0	0	0	0	0	0.000000%
1997	Poland	0	0	0	0	0	0.000000%
1997	Portugal	0	0	0	0	0	0.000000%
1997	Puerto Rico	0	0	0	0	0	0.000000%
1997	Qatar	0	0	0	0	0	0.000000%
1997	Romania	0	0	0	0	0	0.000000%
1997	Russia	0	0	0	0	0	0.000000%
1997	Saudi Arabia	0	0	0	0	0	0.000000%
1997	Senegal	0	0	0	0	0	0.000000%
1997	Serbia	0	0	0	0	0	0.000000%
1997	Serbia and Montenegro	0	0	0	0	0	0.000000%
1997	Singapore	0	0	0	0	0	0.000000%
1997	Slovakia	0	0	0	0	0	0.000000%
1997	Slovenia	0	0	0	0	0	0.000000%
1997	South Africa	0	0	0	0	0	0.000000%
1997	South Korea	0	0	0	0	0	0.000000%
1997	Soviet Union	0	0	0	0	0	0.000000%
1997	Spain	2	0	1	1	0	0.000000%
1997	Sweden	1	0	0	0	1	100.000000%
1997	Switzerland	0	0	0	0	0	0.000000%
1997	Taiwan	0	0	0	0	0	0.000000%
1997	Thailand	0	0	0	0	0	0.000000%
1997	Tunisia	0	0	0	0	0	0.000000%
1997	Turkey	1	0	0	1	0	0.000000%
1997	Uganda	0	0	0	0	0	0.000000%
1997	Ukraine	0	0	0	0	0	0.000000%
1997	United Arab Emirates	0	0	0	0	0	0.000000%
1997	United Kingdom	13	0	3	4	6	46.153846%
1997	United States of America	71	2	19	11	39	54.929577%
1997	Uruguay	0	0	0	0	0	0.000000%
1997	Venezuela	0	0	0	0	0	0.000000%
1998	Albania	0	0	0	0	0	0.000000%
1998	Algeria	0	0	0	0	0	0.000000%
1998	Angola	0	0	0	0	0	0.000000%
1998	Argentina	1	0	1	0	0	0.000000%
1998	Australia	3	0	2	0	1	33.333333%
1998	Austria	1	0	0	0	1	100.000000%
1998	Bahamas	0	0	0	0	0	0.000000%
1998	Belgium	1	0	0	1	0	0.000000%
1998	Bolivia	0	0	0	0	0	0.000000%
1998	Bosnia and Herzegovina	0	0	0	0	0	0.000000%
1998	Brazil	1	0	0	0	1	100.000000%
1998	Bulgaria	0	0	0	0	0	0.000000%
1998	Cambodia	0	0	0	0	0	0.000000%
1998	Cameroon	0	0	0	0	0	0.000000%
1998	Canada	10	0	5	0	5	50.000000%
1998	Chile	0	0	0	0	0	0.000000%
1998	China	0	0	0	0	0	0.000000%
1998	Colombia	0	0	0	0	0	0.000000%
1998	Congo	0	0	0	0	0	0.000000%
1998	Costa Rica	0	0	0	0	0	0.000000%
1998	Croatia	0	0	0	0	0	0.000000%
1998	Cuba	0	0	0	0	0	0.000000%
1998	Cyprus	0	0	0	0	0	0.000000%
1998	Czech Republic	0	0	0	0	0	0.000000%
1998	Denmark	3	0	0	0	3	100.000000%
1998	Ecuador	0	0	0	0	0	0.000000%
1998	Egypt	0	0	0	0	0	0.000000%
1998	Estonia	0	0	0	0	0	0.000000%
1998	Finland	0	0	0	0	0	0.000000%
1998	France	12	0	3	1	8	66.666667%
1998	French Polynesia	0	0	0	0	0	0.000000%
1998	Georgia	0	0	0	0	0	0.000000%
1998	Germany	7	0	2	0	5	71.428571%
1998	Greece	0	0	0	0	0	0.000000%
1998	Hong Kong	0	0	0	0	0	0.000000%
1998	Hungary	0	0	0	0	0	0.000000%
1998	Iceland	0	0	0	0	0	0.000000%
1998	India	1	0	0	0	1	100.000000%
1998	Indonesia	0	0	0	0	0	0.000000%
1998	Iran	0	0	0	0	0	0.000000%
1998	Ireland	1	0	0	0	1	100.000000%
1998	Israel	0	0	0	0	0	0.000000%
1998	Italy	4	0	0	0	4	100.000000%
1998	Japan	6	0	1	0	5	83.333333%
1998	Jordan	0	0	0	0	0	0.000000%
1998	Kazakhstan	0	0	0	0	0	0.000000%
1998	Lebanon	0	0	0	0	0	0.000000%
1998	Liechtenstein	0	0	0	0	0	0.000000%
1998	Lithuania	0	0	0	0	0	0.000000%
1998	Luxembourg	1	0	0	1	0	0.000000%
1998	Malaysia	0	0	0	0	0	0.000000%
1998	Malta	0	0	0	0	0	0.000000%
1998	Mexico	0	0	0	0	0	0.000000%
1998	Mongolia	0	0	0	0	0	0.000000%
1998	Montenegro	0	0	0	0	0	0.000000%
1998	Morocco	0	0	0	0	0	0.000000%
1998	Netherlands	1	0	0	0	1	100.000000%
1998	Netherlands Antilles	0	0	0	0	0	0.000000%
1998	New Zealand	1	0	1	0	0	0.000000%
1998	Norway	0	0	0	0	0	0.000000%
1998	Pakistan	0	0	0	0	0	0.000000%
1998	Palestinian Territory	0	0	0	0	0	0.000000%
1998	Panama	0	0	0	0	0	0.000000%
1998	Peru	0	0	0	0	0	0.000000%
1998	Philippines	0	0	0	0	0	0.000000%
1998	Poland	0	0	0	0	0	0.000000%
1998	Portugal	0	0	0	0	0	0.000000%
1998	Puerto Rico	0	0	0	0	0	0.000000%
1998	Qatar	0	0	0	0	0	0.000000%
1998	Romania	1	0	0	0	1	100.000000%
1998	Russia	0	0	0	0	0	0.000000%
1998	Saudi Arabia	0	0	0	0	0	0.000000%
1998	Senegal	0	0	0	0	0	0.000000%
1998	Serbia	1	0	0	0	1	100.000000%
1998	Serbia and Montenegro	0	0	0	0	0	0.000000%
1998	Singapore	0	0	0	0	0	0.000000%
1998	Slovakia	0	0	0	0	0	0.000000%
1998	Slovenia	0	0	0	0	0	0.000000%
1998	South Africa	0	0	0	0	0	0.000000%
1998	South Korea	1	0	0	0	1	100.000000%
1998	Soviet Union	0	0	0	0	0	0.000000%
1998	Spain	2	0	1	0	1	50.000000%
1998	Sweden	3	0	0	0	3	100.000000%
1998	Switzerland	0	0	0	0	0	0.000000%
1998	Taiwan	0	0	0	0	0	0.000000%
1998	Thailand	0	0	0	0	0	0.000000%
1998	Tunisia	0	0	0	0	0	0.000000%
1998	Turkey	0	0	0	0	0	0.000000%
1998	Uganda	0	0	0	0	0	0.000000%
1998	Ukraine	0	0	0	0	0	0.000000%
1998	United Arab Emirates	0	0	0	0	0	0.000000%
1998	United Kingdom	14	1	4	2	7	50.000000%
1998	United States of America	100	3	35	7	55	55.000000%
1998	Uruguay	0	0	0	0	0	0.000000%
1998	Venezuela	0	0	0	0	0	0.000000%
1999	Albania	0	0	0	0	0	0.000000%
1999	Algeria	0	0	0	0	0	0.000000%
1999	Angola	0	0	0	0	0	0.000000%
1999	Argentina	0	0	0	0	0	0.000000%
1999	Australia	5	0	2	0	3	60.000000%
1999	Austria	0	0	0	0	0	0.000000%
1999	Bahamas	0	0	0	0	0	0.000000%
1999	Belgium	0	0	0	0	0	0.000000%
1999	Bolivia	0	0	0	0	0	0.000000%
1999	Bosnia and Herzegovina	0	0	0	0	0	0.000000%
1999	Brazil	0	0	0	0	0	0.000000%
1999	Bulgaria	0	0	0	0	0	0.000000%
1999	Cambodia	0	0	0	0	0	0.000000%
1999	Cameroon	0	0	0	0	0	0.000000%
1999	Canada	5	1	1	0	3	60.000000%
1999	Chile	0	0	0	0	0	0.000000%
1999	China	1	0	0	0	1	100.000000%
1999	Colombia	0	0	0	0	0	0.000000%
1999	Congo	0	0	0	0	0	0.000000%
1999	Costa Rica	0	0	0	0	0	0.000000%
1999	Croatia	0	0	0	0	0	0.000000%
1999	Cuba	0	0	0	0	0	0.000000%
1999	Cyprus	0	0	0	0	0	0.000000%
1999	Czech Republic	1	0	1	0	0	0.000000%
1999	Denmark	0	0	0	0	0	0.000000%
1999	Ecuador	0	0	0	0	0	0.000000%
1999	Egypt	0	0	0	0	0	0.000000%
1999	Estonia	1	0	0	0	1	100.000000%
1999	Finland	1	1	0	0	0	0.000000%
1999	France	8	0	3	0	5	62.500000%
1999	French Polynesia	0	0	0	0	0	0.000000%
1999	Georgia	0	0	0	0	0	0.000000%
1999	Germany	11	0	5	0	6	54.545455%
1999	Greece	0	0	0	0	0	0.000000%
1999	Hong Kong	0	0	0	0	0	0.000000%
1999	Hungary	0	0	0	0	0	0.000000%
1999	Iceland	0	0	0	0	0	0.000000%
1999	India	0	0	0	0	0	0.000000%
1999	Indonesia	0	0	0	0	0	0.000000%
1999	Iran	0	0	0	0	0	0.000000%
1999	Ireland	1	0	0	0	1	100.000000%
1999	Israel	0	0	0	0	0	0.000000%
1999	Italy	3	0	0	1	2	66.666667%
1999	Japan	6	1	2	0	3	50.000000%
1999	Jordan	0	0	0	0	0	0.000000%
1999	Kazakhstan	0	0	0	0	0	0.000000%
1999	Lebanon	0	0	0	0	0	0.000000%
1999	Liechtenstein	0	0	0	0	0	0.000000%
1999	Lithuania	0	0	0	0	0	0.000000%
1999	Luxembourg	1	0	0	1	0	0.000000%
1999	Malaysia	1	0	0	0	1	100.000000%
1999	Malta	0	0	0	0	0	0.000000%
1999	Mexico	0	0	0	0	0	0.000000%
1999	Mongolia	0	0	0	0	0	0.000000%
1999	Montenegro	0	0	0	0	0	0.000000%
1999	Morocco	0	0	0	0	0	0.000000%
1999	Netherlands	0	0	0	0	0	0.000000%
1999	Netherlands Antilles	0	0	0	0	0	0.000000%
1999	New Zealand	0	0	0	0	0	0.000000%
1999	Norway	0	0	0	0	0	0.000000%
1999	Pakistan	0	0	0	0	0	0.000000%
1999	Palestinian Territory	0	0	0	0	0	0.000000%
1999	Panama	0	0	0	0	0	0.000000%
1999	Peru	0	0	0	0	0	0.000000%
1999	Philippines	0	0	0	0	0	0.000000%
1999	Poland	0	0	0	0	0	0.000000%
1999	Portugal	1	0	1	0	0	0.000000%
1999	Puerto Rico	0	0	0	0	0	0.000000%
1999	Qatar	0	0	0	0	0	0.000000%
1999	Romania	0	0	0	0	0	0.000000%
1999	Russia	0	0	0	0	0	0.000000%
1999	Saudi Arabia	0	0	0	0	0	0.000000%
1999	Senegal	0	0	0	0	0	0.000000%
1999	Serbia	0	0	0	0	0	0.000000%
1999	Serbia and Montenegro	0	0	0	0	0	0.000000%
1999	Singapore	0	0	0	0	0	0.000000%
1999	Slovakia	0	0	0	0	0	0.000000%
1999	Slovenia	0	0	0	0	0	0.000000%
1999	South Africa	0	0	0	0	0	0.000000%
1999	South Korea	1	0	0	0	1	100.000000%
1999	Soviet Union	0	0	0	0	0	0.000000%
1999	Spain	3	0	1	0	2	66.666667%
1999	Sweden	1	0	0	0	1	100.000000%
1999	Switzerland	0	0	0	0	0	0.000000%
1999	Taiwan	0	0	0	0	0	0.000000%
1999	Thailand	1	0	0	0	1	100.000000%
1999	Tunisia	0	0	0	0	0	0.000000%
1999	Turkey	0	0	0	0	0	0.000000%
1999	Uganda	0	0	0	0	0	0.000000%
1999	Ukraine	0	0	0	0	0	0.000000%
1999	United Arab Emirates	0	0	0	0	0	0.000000%
1999	United Kingdom	15	0	2	2	11	73.333333%
1999	United States of America	90	3	26	9	52	57.777778%
1999	Uruguay	0	0	0	0	0	0.000000%
1999	Venezuela	0	0	0	0	0	0.000000%
2000	Albania	0	0	0	0	0	0.000000%
2000	Algeria	0	0	0	0	0	0.000000%
2000	Angola	0	0	0	0	0	0.000000%
2000	Argentina	1	0	0	0	1	100.000000%
2000	Australia	4	1	1	0	2	50.000000%
2000	Austria	0	0	0	0	0	0.000000%
2000	Bahamas	0	0	0	0	0	0.000000%
2000	Belgium	0	0	0	0	0	0.000000%
2000	Bolivia	0	0	0	0	0	0.000000%
2000	Bosnia and Herzegovina	0	0	0	0	0	0.000000%
2000	Brazil	0	0	0	0	0	0.000000%
2000	Bulgaria	0	0	0	0	0	0.000000%
2000	Cambodia	0	0	0	0	0	0.000000%
2000	Cameroon	0	0	0	0	0	0.000000%
2000	Canada	5	0	1	0	4	80.000000%
2000	Chile	0	0	0	0	0	0.000000%
2000	China	2	0	0	0	2	100.000000%
2000	Colombia	0	0	0	0	0	0.000000%
2000	Congo	0	0	0	0	0	0.000000%
2000	Costa Rica	0	0	0	0	0	0.000000%
2000	Croatia	0	0	0	0	0	0.000000%
2000	Cuba	0	0	0	0	0	0.000000%
2000	Cyprus	0	0	0	0	0	0.000000%
2000	Czech Republic	0	0	0	0	0	0.000000%
2000	Denmark	3	0	1	0	2	66.666667%
2000	Ecuador	0	0	0	0	0	0.000000%
2000	Egypt	0	0	0	0	0	0.000000%
2000	Estonia	0	0	0	0	0	0.000000%
2000	Finland	1	0	0	0	1	100.000000%
2000	France	10	1	0	1	8	80.000000%
2000	French Polynesia	0	0	0	0	0	0.000000%
2000	Georgia	0	0	0	0	0	0.000000%
2000	Germany	12	1	1	1	9	75.000000%
2000	Greece	0	0	0	0	0	0.000000%
2000	Hong Kong	3	0	1	0	2	66.666667%
2000	Hungary	0	0	0	0	0	0.000000%
2000	Iceland	1	0	0	0	1	100.000000%
2000	India	0	0	0	0	0	0.000000%
2000	Indonesia	0	0	0	0	0	0.000000%
2000	Iran	2	0	0	0	2	100.000000%
2000	Ireland	2	0	2	0	0	0.000000%
2000	Israel	0	0	0	0	0	0.000000%
2000	Italy	4	0	0	0	4	100.000000%
2000	Japan	5	0	0	1	4	80.000000%
2000	Jordan	0	0	0	0	0	0.000000%
2000	Kazakhstan	0	0	0	0	0	0.000000%
2000	Lebanon	0	0	0	0	0	0.000000%
2000	Liechtenstein	0	0	0	0	0	0.000000%
2000	Lithuania	0	0	0	0	0	0.000000%
2000	Luxembourg	0	0	0	0	0	0.000000%
2000	Malaysia	0	0	0	0	0	0.000000%
2000	Malta	0	0	0	0	0	0.000000%
2000	Mexico	1	0	1	0	0	0.000000%
2000	Mongolia	0	0	0	0	0	0.000000%
2000	Montenegro	0	0	0	0	0	0.000000%
2000	Morocco	0	0	0	0	0	0.000000%
2000	Netherlands	1	0	0	0	1	100.000000%
2000	Netherlands Antilles	0	0	0	0	0	0.000000%
2000	New Zealand	1	0	1	0	0	0.000000%
2000	Norway	1	0	0	0	1	100.000000%
2000	Pakistan	1	0	1	0	0	0.000000%
2000	Palestinian Territory	0	0	0	0	0	0.000000%
2000	Panama	0	0	0	0	0	0.000000%
2000	Peru	0	0	0	0	0	0.000000%
2000	Philippines	0	0	0	0	0	0.000000%
2000	Poland	0	0	0	0	0	0.000000%
2000	Portugal	0	0	0	0	0	0.000000%
2000	Puerto Rico	0	0	0	0	0	0.000000%
2000	Qatar	0	0	0	0	0	0.000000%
2000	Romania	0	0	0	0	0	0.000000%
2000	Russia	1	0	0	0	1	100.000000%
2000	Saudi Arabia	0	0	0	0	0	0.000000%
2000	Senegal	0	0	0	0	0	0.000000%
2000	Serbia	0	0	0	0	0	0.000000%
2000	Serbia and Montenegro	0	0	0	0	0	0.000000%
2000	Singapore	0	0	0	0	0	0.000000%
2000	Slovakia	0	0	0	0	0	0.000000%
2000	Slovenia	0	0	0	0	0	0.000000%
2000	South Africa	0	0	0	0	0	0.000000%
2000	South Korea	2	0	1	1	0	0.000000%
2000	Soviet Union	0	0	0	0	0	0.000000%
2000	Spain	3	0	0	1	2	66.666667%
2000	Sweden	3	0	0	0	3	100.000000%
2000	Switzerland	2	0	0	0	2	100.000000%
2000	Taiwan	1	0	0	0	1	100.000000%
2000	Thailand	0	0	0	0	0	0.000000%
2000	Tunisia	0	0	0	0	0	0.000000%
2000	Turkey	0	0	0	0	0	0.000000%
2000	Uganda	0	0	0	0	0	0.000000%
2000	Ukraine	0	0	0	0	0	0.000000%
2000	United Arab Emirates	0	0	0	0	0	0.000000%
2000	United Kingdom	19	3	2	3	11	57.894737%
2000	United States of America	95	11	20	12	52	54.736842%
2000	Uruguay	0	0	0	0	0	0.000000%
2000	Venezuela	0	0	0	0	0	0.000000%
2001	Albania	0	0	0	0	0	0.000000%
2001	Algeria	0	0	0	0	0	0.000000%
2001	Angola	0	0	0	0	0	0.000000%
2001	Argentina	1	0	0	0	1	100.000000%
2001	Australia	6	0	2	0	4	66.666667%
2001	Austria	3	0	0	0	3	100.000000%
2001	Bahamas	0	0	0	0	0	0.000000%
2001	Belgium	0	0	0	0	0	0.000000%
2001	Bolivia	0	0	0	0	0	0.000000%
2001	Bosnia and Herzegovina	0	0	0	0	0	0.000000%
2001	Brazil	0	0	0	0	0	0.000000%
2001	Bulgaria	0	0	0	0	0	0.000000%
2001	Cambodia	0	0	0	0	0	0.000000%
2001	Cameroon	0	0	0	0	0	0.000000%
2001	Canada	10	1	2	1	6	60.000000%
2001	Chile	0	0	0	0	0	0.000000%
2001	China	1	1	0	0	0	0.000000%
2001	Colombia	0	0	0	0	0	0.000000%
2001	Congo	0	0	0	0	0	0.000000%
2001	Costa Rica	0	0	0	0	0	0.000000%
2001	Croatia	0	0	0	0	0	0.000000%
2001	Cuba	0	0	0	0	0	0.000000%
2001	Cyprus	0	0	0	0	0	0.000000%
2001	Czech Republic	2	0	0	0	2	100.000000%
2001	Denmark	0	0	0	0	0	0.000000%
2001	Ecuador	0	0	0	0	0	0.000000%
2001	Egypt	0	0	0	0	0	0.000000%
2001	Estonia	0	0	0	0	0	0.000000%
2001	Finland	0	0	0	0	0	0.000000%
2001	France	18	1	4	2	11	61.111111%
2001	French Polynesia	0	0	0	0	0	0.000000%
2001	Georgia	0	0	0	0	0	0.000000%
2001	Germany	15	2	2	0	11	73.333333%
2001	Greece	0	0	0	0	0	0.000000%
2001	Hong Kong	1	1	0	0	0	0.000000%
2001	Hungary	0	0	0	0	0	0.000000%
2001	Iceland	0	0	0	0	0	0.000000%
2001	India	4	1	0	0	3	75.000000%
2001	Indonesia	0	0	0	0	0	0.000000%
2001	Iran	1	1	0	0	0	0.000000%
2001	Ireland	1	0	0	0	1	100.000000%
2001	Israel	1	0	0	1	0	0.000000%
2001	Italy	6	1	1	0	4	66.666667%
2001	Japan	8	0	0	2	6	75.000000%
2001	Jordan	0	0	0	0	0	0.000000%
2001	Kazakhstan	0	0	0	0	0	0.000000%
2001	Lebanon	0	0	0	0	0	0.000000%
2001	Liechtenstein	0	0	0	0	0	0.000000%
2001	Lithuania	0	0	0	0	0	0.000000%
2001	Luxembourg	0	0	0	0	0	0.000000%
2001	Malaysia	0	0	0	0	0	0.000000%
2001	Malta	0	0	0	0	0	0.000000%
2001	Mexico	4	1	2	0	1	25.000000%
2001	Mongolia	0	0	0	0	0	0.000000%
2001	Montenegro	0	0	0	0	0	0.000000%
2001	Morocco	0	0	0	0	0	0.000000%
2001	Netherlands	1	0	0	0	1	100.000000%
2001	Netherlands Antilles	0	0	0	0	0	0.000000%
2001	New Zealand	1	0	1	0	0	0.000000%
2001	Norway	0	0	0	0	0	0.000000%
2001	Pakistan	0	0	0	0	0	0.000000%
2001	Palestinian Territory	0	0	0	0	0	0.000000%
2001	Panama	0	0	0	0	0	0.000000%
2001	Peru	0	0	0	0	0	0.000000%
2001	Philippines	0	0	0	0	0	0.000000%
2001	Poland	1	0	0	0	1	100.000000%
2001	Portugal	0	0	0	0	0	0.000000%
2001	Puerto Rico	0	0	0	0	0	0.000000%
2001	Qatar	0	0	0	0	0	0.000000%
2001	Romania	0	0	0	0	0	0.000000%
2001	Russia	0	0	0	0	0	0.000000%
2001	Saudi Arabia	0	0	0	0	0	0.000000%
2001	Senegal	0	0	0	0	0	0.000000%
2001	Serbia	0	0	0	0	0	0.000000%
2001	Serbia and Montenegro	0	0	0	0	0	0.000000%
2001	Singapore	0	0	0	0	0	0.000000%
2001	Slovakia	0	0	0	0	0	0.000000%
2001	Slovenia	0	0	0	0	0	0.000000%
2001	South Africa	0	0	0	0	0	0.000000%
2001	South Korea	2	0	0	0	2	100.000000%
2001	Soviet Union	0	0	0	0	0	0.000000%
2001	Spain	5	0	1	0	4	80.000000%
2001	Sweden	0	0	0	0	0	0.000000%
2001	Switzerland	1	0	0	0	1	100.000000%
2001	Taiwan	0	0	0	0	0	0.000000%
2001	Thailand	1	0	0	0	1	100.000000%
2001	Tunisia	0	0	0	0	0	0.000000%
2001	Turkey	0	0	0	0	0	0.000000%
2001	Uganda	0	0	0	0	0	0.000000%
2001	Ukraine	0	0	0	0	0	0.000000%
2001	United Arab Emirates	0	0	0	0	0	0.000000%
2001	United Kingdom	14	2	2	0	10	71.428571%
2001	United States of America	101	7	26	7	61	60.396040%
2001	Uruguay	0	0	0	0	0	0.000000%
2001	Venezuela	0	0	0	0	0	0.000000%
2002	Albania	0	0	0	0	0	0.000000%
2002	Algeria	0	0	0	0	0	0.000000%
2002	Angola	0	0	0	0	0	0.000000%
2002	Argentina	3	1	1	0	1	33.333333%
2002	Australia	4	0	0	1	3	75.000000%
2002	Austria	0	0	0	0	0	0.000000%
2002	Bahamas	0	0	0	0	0	0.000000%
2002	Belgium	1	1	0	0	0	0.000000%
2002	Bolivia	0	0	0	0	0	0.000000%
2002	Bosnia and Herzegovina	0	0	0	0	0	0.000000%
2002	Brazil	1	0	1	0	0	0.000000%
2002	Bulgaria	0	0	0	0	0	0.000000%
2002	Cambodia	0	0	0	0	0	0.000000%
2002	Cameroon	0	0	0	0	0	0.000000%
2002	Canada	15	2	3	2	8	53.333333%
2002	Chile	0	0	0	0	0	0.000000%
2002	China	1	0	0	0	1	100.000000%
2002	Colombia	0	0	0	0	0	0.000000%
2002	Congo	0	0	0	0	0	0.000000%
2002	Costa Rica	0	0	0	0	0	0.000000%
2002	Croatia	0	0	0	0	0	0.000000%
2002	Cuba	0	0	0	0	0	0.000000%
2002	Cyprus	0	0	0	0	0	0.000000%
2002	Czech Republic	1	0	1	0	0	0.000000%
2002	Denmark	2	0	0	0	2	100.000000%
2002	Ecuador	0	0	0	0	0	0.000000%
2002	Egypt	0	0	0	0	0	0.000000%
2002	Estonia	0	0	0	0	0	0.000000%
2002	Finland	0	0	0	0	0	0.000000%
2002	France	17	2	5	0	10	58.823529%
2002	French Polynesia	0	0	0	0	0	0.000000%
2002	Georgia	0	0	0	0	0	0.000000%
2002	Germany	20	2	6	1	11	55.000000%
2002	Greece	0	0	0	0	0	0.000000%
2002	Hong Kong	1	0	1	0	0	0.000000%
2002	Hungary	0	0	0	0	0	0.000000%
2002	Iceland	0	0	0	0	0	0.000000%
2002	India	2	0	0	0	2	100.000000%
2002	Indonesia	0	0	0	0	0	0.000000%
2002	Iran	1	0	0	0	1	100.000000%
2002	Ireland	2	0	1	0	1	50.000000%
2002	Israel	1	0	0	1	0	0.000000%
2002	Italy	5	0	3	0	2	40.000000%
2002	Japan	6	0	1	0	5	83.333333%
2002	Jordan	0	0	0	0	0	0.000000%
2002	Kazakhstan	0	0	0	0	0	0.000000%
2002	Lebanon	0	0	0	0	0	0.000000%
2002	Liechtenstein	0	0	0	0	0	0.000000%
2002	Lithuania	0	0	0	0	0	0.000000%
2002	Luxembourg	1	1	0	0	0	0.000000%
2002	Malaysia	0	0	0	0	0	0.000000%
2002	Malta	0	0	0	0	0	0.000000%
2002	Mexico	1	0	0	1	0	0.000000%
2002	Mongolia	0	0	0	0	0	0.000000%
2002	Montenegro	0	0	0	0	0	0.000000%
2002	Morocco	0	0	0	0	0	0.000000%
2002	Netherlands	2	0	0	0	2	100.000000%
2002	Netherlands Antilles	0	0	0	0	0	0.000000%
2002	New Zealand	2	0	1	0	1	50.000000%
2002	Norway	0	0	0	0	0	0.000000%
2002	Pakistan	0	0	0	0	0	0.000000%
2002	Palestinian Territory	0	0	0	0	0	0.000000%
2002	Panama	0	0	0	0	0	0.000000%
2002	Peru	0	0	0	0	0	0.000000%
2002	Philippines	0	0	0	0	0	0.000000%
2002	Poland	1	0	1	0	0	0.000000%
2002	Portugal	0	0	0	0	0	0.000000%
2002	Puerto Rico	0	0	0	0	0	0.000000%
2002	Qatar	0	0	0	0	0	0.000000%
2002	Romania	1	0	1	0	0	0.000000%
2002	Russia	0	0	0	0	0	0.000000%
2002	Saudi Arabia	0	0	0	0	0	0.000000%
2002	Senegal	0	0	0	0	0	0.000000%
2002	Serbia	0	0	0	0	0	0.000000%
2002	Serbia and Montenegro	0	0	0	0	0	0.000000%
2002	Singapore	0	0	0	0	0	0.000000%
2002	Slovakia	0	0	0	0	0	0.000000%
2002	Slovenia	0	0	0	0	0	0.000000%
2002	South Africa	0	0	0	0	0	0.000000%
2002	South Korea	2	0	1	0	1	50.000000%
2002	Soviet Union	0	0	0	0	0	0.000000%
2002	Spain	3	0	1	0	2	66.666667%
2002	Sweden	2	0	0	0	2	100.000000%
2002	Switzerland	1	0	0	0	1	100.000000%
2002	Taiwan	0	0	0	0	0	0.000000%
2002	Thailand	0	0	0	0	0	0.000000%
2002	Tunisia	0	0	0	0	0	0.000000%
2002	Turkey	0	0	0	0	0	0.000000%
2002	Uganda	0	0	0	0	0	0.000000%
2002	Ukraine	0	0	0	0	0	0.000000%
2002	United Arab Emirates	0	0	0	0	0	0.000000%
2002	United Kingdom	25	3	5	4	13	52.000000%
2002	United States of America	114	13	36	12	53	46.491228%
2002	Uruguay	0	0	0	0	0	0.000000%
2002	Venezuela	0	0	0	0	0	0.000000%
2003	Albania	0	0	0	0	0	0.000000%
2003	Algeria	0	0	0	0	0	0.000000%
2003	Angola	0	0	0	0	0	0.000000%
2003	Argentina	0	0	0	0	0	0.000000%
2003	Australia	6	1	1	0	4	66.666667%
2003	Austria	1	0	0	1	0	0.000000%
2003	Bahamas	0	0	0	0	0	0.000000%
2003	Belgium	3	1	1	0	1	33.333333%
2003	Bolivia	0	0	0	0	0	0.000000%
2003	Bosnia and Herzegovina	0	0	0	0	0	0.000000%
2003	Brazil	2	0	1	1	0	0.000000%
2003	Bulgaria	0	0	0	0	0	0.000000%
2003	Cambodia	0	0	0	0	0	0.000000%
2003	Cameroon	0	0	0	0	0	0.000000%
2003	Canada	9	1	1	2	5	55.555556%
2003	Chile	0	0	0	0	0	0.000000%
2003	China	0	0	0	0	0	0.000000%
2003	Colombia	0	0	0	0	0	0.000000%
2003	Congo	0	0	0	0	0	0.000000%
2003	Costa Rica	0	0	0	0	0	0.000000%
2003	Croatia	0	0	0	0	0	0.000000%
2003	Cuba	0	0	0	0	0	0.000000%
2003	Cyprus	0	0	0	0	0	0.000000%
2003	Czech Republic	1	1	0	0	0	0.000000%
2003	Denmark	5	1	3	0	1	20.000000%
2003	Ecuador	0	0	0	0	0	0.000000%
2003	Egypt	0	0	0	0	0	0.000000%
2003	Estonia	0	0	0	0	0	0.000000%
2003	Finland	1	0	0	0	1	100.000000%
2003	France	15	2	2	2	9	60.000000%
2003	French Polynesia	0	0	0	0	0	0.000000%
2003	Georgia	0	0	0	0	0	0.000000%
2003	Germany	17	2	2	2	11	64.705882%
2003	Greece	0	0	0	0	0	0.000000%
2003	Hong Kong	2	0	1	0	1	50.000000%
2003	Hungary	2	1	0	0	1	50.000000%
2003	Iceland	0	0	0	0	0	0.000000%
2003	India	0	0	0	0	0	0.000000%
2003	Indonesia	0	0	0	0	0	0.000000%
2003	Iran	0	0	0	0	0	0.000000%
2003	Ireland	0	0	0	0	0	0.000000%
2003	Israel	0	0	0	0	0	0.000000%
2003	Italy	7	0	0	1	6	85.714286%
2003	Japan	10	3	0	1	6	60.000000%
2003	Jordan	0	0	0	0	0	0.000000%
2003	Kazakhstan	0	0	0	0	0	0.000000%
2003	Lebanon	0	0	0	0	0	0.000000%
2003	Liechtenstein	0	0	0	0	0	0.000000%
2003	Lithuania	0	0	0	0	0	0.000000%
2003	Luxembourg	1	0	0	0	1	100.000000%
2003	Malaysia	0	0	0	0	0	0.000000%
2003	Malta	0	0	0	0	0	0.000000%
2003	Mexico	1	0	0	0	1	100.000000%
2003	Mongolia	0	0	0	0	0	0.000000%
2003	Montenegro	0	0	0	0	0	0.000000%
2003	Morocco	0	0	0	0	0	0.000000%
2003	Netherlands	1	0	0	0	1	100.000000%
2003	Netherlands Antilles	0	0	0	0	0	0.000000%
2003	New Zealand	2	1	1	0	0	0.000000%
2003	Norway	1	0	0	0	1	100.000000%
2003	Pakistan	0	0	0	0	0	0.000000%
2003	Palestinian Territory	0	0	0	0	0	0.000000%
2003	Panama	0	0	0	0	0	0.000000%
2003	Peru	0	0	0	0	0	0.000000%
2003	Philippines	0	0	0	0	0	0.000000%
2003	Poland	1	0	0	1	0	0.000000%
2003	Portugal	0	0	0	0	0	0.000000%
2003	Puerto Rico	0	0	0	0	0	0.000000%
2003	Qatar	0	0	0	0	0	0.000000%
2003	Romania	1	0	0	0	1	100.000000%
2003	Russia	0	0	0	0	0	0.000000%
2003	Saudi Arabia	0	0	0	0	0	0.000000%
2003	Senegal	0	0	0	0	0	0.000000%
2003	Serbia	0	0	0	0	0	0.000000%
2003	Serbia and Montenegro	0	0	0	0	0	0.000000%
2003	Singapore	1	0	0	0	1	100.000000%
2003	Slovakia	0	0	0	0	0	0.000000%
2003	Slovenia	0	0	0	0	0	0.000000%
2003	South Africa	0	0	0	0	0	0.000000%
2003	South Korea	4	0	2	0	2	50.000000%
2003	Soviet Union	0	0	0	0	0	0.000000%
2003	Spain	2	0	0	0	2	100.000000%
2003	Sweden	2	0	1	0	1	50.000000%
2003	Switzerland	1	1	0	0	0	0.000000%
2003	Taiwan	1	1	0	0	0	0.000000%
2003	Thailand	1	1	0	0	0	0.000000%
2003	Tunisia	0	0	0	0	0	0.000000%
2003	Turkey	0	0	0	0	0	0.000000%
2003	Uganda	0	0	0	0	0	0.000000%
2003	Ukraine	0	0	0	0	0	0.000000%
2003	United Arab Emirates	0	0	0	0	0	0.000000%
2003	United Kingdom	18	1	3	1	13	72.222222%
2003	United States of America	96	8	20	5	63	65.625000%
2003	Uruguay	0	0	0	0	0	0.000000%
2003	Venezuela	0	0	0	0	0	0.000000%
2004	Albania	0	0	0	0	0	0.000000%
2004	Algeria	0	0	0	0	0	0.000000%
2004	Angola	0	0	0	0	0	0.000000%
2004	Argentina	1	0	0	0	1	100.000000%
2004	Australia	1	0	1	0	0	0.000000%
2004	Austria	3	0	0	0	3	100.000000%
2004	Bahamas	0	0	0	0	0	0.000000%
2004	Belgium	2	0	0	1	1	50.000000%
2004	Bolivia	0	0	0	0	0	0.000000%
2004	Bosnia and Herzegovina	0	0	0	0	0	0.000000%
2004	Brazil	0	0	0	0	0	0.000000%
2004	Bulgaria	1	0	0	0	1	100.000000%
2004	Cambodia	0	0	0	0	0	0.000000%
2004	Cameroon	0	0	0	0	0	0.000000%
2004	Canada	8	0	0	2	6	75.000000%
2004	Chile	0	0	0	0	0	0.000000%
2004	China	2	1	0	0	1	50.000000%
2004	Colombia	1	0	0	0	1	100.000000%
2004	Congo	0	0	0	0	0	0.000000%
2004	Costa Rica	1	0	0	0	1	100.000000%
2004	Croatia	0	0	0	0	0	0.000000%
2004	Cuba	0	0	0	0	0	0.000000%
2004	Cyprus	0	0	0	0	0	0.000000%
2004	Czech Republic	3	0	1	0	2	66.666667%
2004	Denmark	2	0	1	0	1	50.000000%
2004	Ecuador	1	0	0	0	1	100.000000%
2004	Egypt	0	0	0	0	0	0.000000%
2004	Estonia	0	0	0	0	0	0.000000%
2004	Finland	1	0	1	0	0	0.000000%
2004	France	18	2	2	0	14	77.777778%
2004	French Polynesia	0	0	0	0	0	0.000000%
2004	Georgia	0	0	0	0	0	0.000000%
2004	Germany	28	1	5	5	17	60.714286%
2004	Greece	0	0	0	0	0	0.000000%
2004	Hong Kong	4	1	0	0	3	75.000000%
2004	Hungary	1	1	0	0	0	0.000000%
2004	Iceland	0	0	0	0	0	0.000000%
2004	India	2	0	0	0	2	100.000000%
2004	Indonesia	0	0	0	0	0	0.000000%
2004	Iran	0	0	0	0	0	0.000000%
2004	Ireland	3	0	1	0	2	66.666667%
2004	Israel	1	0	0	0	1	100.000000%
2004	Italy	9	1	1	1	6	66.666667%
2004	Japan	12	1	2	0	9	75.000000%
2004	Jordan	0	0	0	0	0	0.000000%
2004	Kazakhstan	1	0	0	0	1	100.000000%
2004	Lebanon	0	0	0	0	0	0.000000%
2004	Liechtenstein	0	0	0	0	0	0.000000%
2004	Lithuania	0	0	0	0	0	0.000000%
2004	Luxembourg	1	0	0	0	1	100.000000%
2004	Malaysia	1	0	0	0	1	100.000000%
2004	Malta	1	0	1	0	0	0.000000%
2004	Mexico	1	0	1	0	0	0.000000%
2004	Mongolia	0	0	0	0	0	0.000000%
2004	Montenegro	0	0	0	0	0	0.000000%
2004	Morocco	0	0	0	0	0	0.000000%
2004	Netherlands	4	0	3	0	1	25.000000%
2004	Netherlands Antilles	0	0	0	0	0	0.000000%
2004	New Zealand	0	0	0	0	0	0.000000%
2004	Norway	0	0	0	0	0	0.000000%
2004	Pakistan	0	0	0	0	0	0.000000%
2004	Palestinian Territory	0	0	0	0	0	0.000000%
2004	Panama	0	0	0	0	0	0.000000%
2004	Peru	0	0	0	0	0	0.000000%
2004	Philippines	0	0	0	0	0	0.000000%
2004	Poland	0	0	0	0	0	0.000000%
2004	Portugal	0	0	0	0	0	0.000000%
2004	Puerto Rico	0	0	0	0	0	0.000000%
2004	Qatar	0	0	0	0	0	0.000000%
2004	Romania	2	0	1	0	1	50.000000%
2004	Russia	2	0	1	0	1	50.000000%
2004	Saudi Arabia	0	0	0	0	0	0.000000%
2004	Senegal	0	0	0	0	0	0.000000%
2004	Serbia	0	0	0	0	0	0.000000%
2004	Serbia and Montenegro	0	0	0	0	0	0.000000%
2004	Singapore	1	0	0	0	1	100.000000%
2004	Slovakia	0	0	0	0	0	0.000000%
2004	Slovenia	0	0	0	0	0	0.000000%
2004	South Africa	0	0	0	0	0	0.000000%
2004	South Korea	4	0	2	0	2	50.000000%
2004	Soviet Union	0	0	0	0	0	0.000000%
2004	Spain	6	0	1	2	3	50.000000%
2004	Sweden	0	0	0	0	0	0.000000%
2004	Switzerland	1	0	1	0	0	0.000000%
2004	Taiwan	1	0	0	0	1	100.000000%
2004	Thailand	2	1	1	0	0	0.000000%
2004	Tunisia	0	0	0	0	0	0.000000%
2004	Turkey	1	0	0	0	1	100.000000%
2004	Uganda	0	0	0	0	0	0.000000%
2004	Ukraine	0	0	0	0	0	0.000000%
2004	United Arab Emirates	0	0	0	0	0	0.000000%
2004	United Kingdom	31	1	6	4	20	64.516129%
2004	United States of America	122	3	28	17	74	60.655738%
2004	Uruguay	0	0	0	0	0	0.000000%
2004	Venezuela	0	0	0	0	0	0.000000%
2005	Albania	0	0	0	0	0	0.000000%
2005	Algeria	0	0	0	0	0	0.000000%
2005	Angola	0	0	0	0	0	0.000000%
2005	Argentina	1	0	1	0	0	0.000000%
2005	Australia	4	0	1	0	3	75.000000%
2005	Austria	0	0	0	0	0	0.000000%
2005	Bahamas	0	0	0	0	0	0.000000%
2005	Belgium	2	1	0	0	1	50.000000%
2005	Bolivia	0	0	0	0	0	0.000000%
2005	Bosnia and Herzegovina	0	0	0	0	0	0.000000%
2005	Brazil	0	0	0	0	0	0.000000%
2005	Bulgaria	0	0	0	0	0	0.000000%
2005	Cambodia	0	0	0	0	0	0.000000%
2005	Cameroon	1	0	0	0	1	100.000000%
2005	Canada	12	0	2	1	9	75.000000%
2005	Chile	0	0	0	0	0	0.000000%
2005	China	1	0	0	0	1	100.000000%
2005	Colombia	0	0	0	0	0	0.000000%
2005	Congo	0	0	0	0	0	0.000000%
2005	Costa Rica	0	0	0	0	0	0.000000%
2005	Croatia	0	0	0	0	0	0.000000%
2005	Cuba	0	0	0	0	0	0.000000%
2005	Cyprus	0	0	0	0	0	0.000000%
2005	Czech Republic	2	0	2	0	0	0.000000%
2005	Denmark	2	1	1	0	0	0.000000%
2005	Ecuador	0	0	0	0	0	0.000000%
2005	Egypt	0	0	0	0	0	0.000000%
2005	Estonia	0	0	0	0	0	0.000000%
2005	Finland	0	0	0	0	0	0.000000%
2005	France	23	3	10	1	9	39.130435%
2005	French Polynesia	0	0	0	0	0	0.000000%
2005	Georgia	0	0	0	0	0	0.000000%
2005	Germany	28	7	6	3	12	42.857143%
2005	Greece	0	0	0	0	0	0.000000%
2005	Hong Kong	0	0	0	0	0	0.000000%
2005	Hungary	1	0	0	1	0	0.000000%
2005	Iceland	0	0	0	0	0	0.000000%
2005	India	0	0	0	0	0	0.000000%
2005	Indonesia	0	0	0	0	0	0.000000%
2005	Iran	0	0	0	0	0	0.000000%
2005	Ireland	4	0	1	2	1	25.000000%
2005	Israel	2	0	1	0	1	50.000000%
2005	Italy	2	0	1	0	1	50.000000%
2005	Japan	9	2	1	0	6	66.666667%
2005	Jordan	0	0	0	0	0	0.000000%
2005	Kazakhstan	0	0	0	0	0	0.000000%
2005	Lebanon	0	0	0	0	0	0.000000%
2005	Liechtenstein	0	0	0	0	0	0.000000%
2005	Lithuania	0	0	0	0	0	0.000000%
2005	Luxembourg	1	0	0	0	1	100.000000%
2005	Malaysia	0	0	0	0	0	0.000000%
2005	Malta	0	0	0	0	0	0.000000%
2005	Mexico	2	0	2	0	0	0.000000%
2005	Mongolia	1	0	0	0	1	100.000000%
2005	Montenegro	0	0	0	0	0	0.000000%
2005	Morocco	1	1	0	0	0	0.000000%
2005	Netherlands	1	0	1	0	0	0.000000%
2005	Netherlands Antilles	0	0	0	0	0	0.000000%
2005	New Zealand	1	1	0	0	0	0.000000%
2005	Norway	2	1	1	0	0	0.000000%
2005	Pakistan	0	0	0	0	0	0.000000%
2005	Palestinian Territory	1	0	1	0	0	0.000000%
2005	Panama	0	0	0	0	0	0.000000%
2005	Peru	0	0	0	0	0	0.000000%
2005	Philippines	0	0	0	0	0	0.000000%
2005	Poland	0	0	0	0	0	0.000000%
2005	Portugal	0	0	0	0	0	0.000000%
2005	Puerto Rico	0	0	0	0	0	0.000000%
2005	Qatar	0	0	0	0	0	0.000000%
2005	Romania	1	1	0	0	0	0.000000%
2005	Russia	1	0	0	0	1	100.000000%
2005	Saudi Arabia	0	0	0	0	0	0.000000%
2005	Senegal	0	0	0	0	0	0.000000%
2005	Serbia	0	0	0	0	0	0.000000%
2005	Serbia and Montenegro	0	0	0	0	0	0.000000%
2005	Singapore	0	0	0	0	0	0.000000%
2005	Slovakia	0	0	0	0	0	0.000000%
2005	Slovenia	0	0	0	0	0	0.000000%
2005	South Africa	0	0	0	0	0	0.000000%
2005	South Korea	2	0	0	1	1	50.000000%
2005	Soviet Union	0	0	0	0	0	0.000000%
2005	Spain	4	1	1	0	2	50.000000%
2005	Sweden	2	0	1	0	1	50.000000%
2005	Switzerland	1	1	0	0	0	0.000000%
2005	Taiwan	0	0	0	0	0	0.000000%
2005	Thailand	0	0	0	0	0	0.000000%
2005	Tunisia	0	0	0	0	0	0.000000%
2005	Turkey	0	0	0	0	0	0.000000%
2005	Uganda	0	0	0	0	0	0.000000%
2005	Ukraine	0	0	0	0	0	0.000000%
2005	United Arab Emirates	0	0	0	0	0	0.000000%
2005	United Kingdom	35	4	12	3	16	45.714286%
2005	United States of America	140	9	29	14	88	62.857143%
2005	Uruguay	0	0	0	0	0	0.000000%
2005	Venezuela	0	0	0	0	0	0.000000%
2006	Albania	0	0	0	0	0	0.000000%
2006	Algeria	0	0	0	0	0	0.000000%
2006	Angola	0	0	0	0	0	0.000000%
2006	Argentina	0	0	0	0	0	0.000000%
2006	Australia	4	0	0	0	4	100.000000%
2006	Austria	1	0	0	0	1	100.000000%
2006	Bahamas	0	0	0	0	0	0.000000%
2006	Belgium	1	0	1	0	0	0.000000%
2006	Bolivia	0	0	0	0	0	0.000000%
2006	Bosnia and Herzegovina	1	0	0	0	1	100.000000%
2006	Brazil	0	0	0	0	0	0.000000%
2006	Bulgaria	0	0	0	0	0	0.000000%
2006	Cambodia	0	0	0	0	0	0.000000%
2006	Cameroon	0	0	0	0	0	0.000000%
2006	Canada	12	0	1	1	10	83.333333%
2006	Chile	0	0	0	0	0	0.000000%
2006	China	3	0	1	1	1	33.333333%
2006	Colombia	0	0	0	0	0	0.000000%
2006	Congo	0	0	0	0	0	0.000000%
2006	Costa Rica	0	0	0	0	0	0.000000%
2006	Croatia	1	0	0	0	1	100.000000%
2006	Cuba	0	0	0	0	0	0.000000%
2006	Cyprus	0	0	0	0	0	0.000000%
2006	Czech Republic	3	1	2	0	0	0.000000%
2006	Denmark	2	0	0	1	1	50.000000%
2006	Ecuador	0	0	0	0	0	0.000000%
2006	Egypt	0	0	0	0	0	0.000000%
2006	Estonia	0	0	0	0	0	0.000000%
2006	Finland	0	0	0	0	0	0.000000%
2006	France	21	1	4	0	16	76.190476%
2006	French Polynesia	0	0	0	0	0	0.000000%
2006	Georgia	0	0	0	0	0	0.000000%
2006	Germany	18	1	6	0	11	61.111111%
2006	Greece	0	0	0	0	0	0.000000%
2006	Hong Kong	2	0	1	1	0	0.000000%
2006	Hungary	1	0	1	0	0	0.000000%
2006	Iceland	0	0	0	0	0	0.000000%
2006	India	3	0	0	0	3	100.000000%
2006	Indonesia	0	0	0	0	0	0.000000%
2006	Iran	1	0	0	0	1	100.000000%
2006	Ireland	2	0	1	1	0	0.000000%
2006	Israel	0	0	0	0	0	0.000000%
2006	Italy	6	0	2	0	4	66.666667%
2006	Japan	10	1	3	0	6	60.000000%
2006	Jordan	0	0	0	0	0	0.000000%
2006	Kazakhstan	0	0	0	0	0	0.000000%
2006	Lebanon	0	0	0	0	0	0.000000%
2006	Liechtenstein	0	0	0	0	0	0.000000%
2006	Lithuania	0	0	0	0	0	0.000000%
2006	Luxembourg	0	0	0	0	0	0.000000%
2006	Malaysia	0	0	0	0	0	0.000000%
2006	Malta	1	0	1	0	0	0.000000%
2006	Mexico	3	0	0	0	3	100.000000%
2006	Mongolia	0	0	0	0	0	0.000000%
2006	Montenegro	0	0	0	0	0	0.000000%
2006	Morocco	0	0	0	0	0	0.000000%
2006	Netherlands	2	1	0	0	1	50.000000%
2006	Netherlands Antilles	0	0	0	0	0	0.000000%
2006	New Zealand	1	0	1	0	0	0.000000%
2006	Norway	1	0	1	0	0	0.000000%
2006	Pakistan	0	0	0	0	0	0.000000%
2006	Palestinian Territory	0	0	0	0	0	0.000000%
2006	Panama	0	0	0	0	0	0.000000%
2006	Peru	1	0	0	0	1	100.000000%
2006	Philippines	0	0	0	0	0	0.000000%
2006	Poland	1	0	0	0	1	100.000000%
2006	Portugal	0	0	0	0	0	0.000000%
2006	Puerto Rico	0	0	0	0	0	0.000000%
2006	Qatar	0	0	0	0	0	0.000000%
2006	Romania	1	0	1	0	0	0.000000%
2006	Russia	0	0	0	0	0	0.000000%
2006	Saudi Arabia	0	0	0	0	0	0.000000%
2006	Senegal	0	0	0	0	0	0.000000%
2006	Serbia	0	0	0	0	0	0.000000%
2006	Serbia and Montenegro	0	0	0	0	0	0.000000%
2006	Singapore	0	0	0	0	0	0.000000%
2006	Slovakia	1	0	1	0	0	0.000000%
2006	Slovenia	0	0	0	0	0	0.000000%
2006	South Africa	0	0	0	0	0	0.000000%
2006	South Korea	2	0	0	0	2	100.000000%
2006	Soviet Union	0	0	0	0	0	0.000000%
2006	Spain	7	0	2	0	5	71.428571%
2006	Sweden	1	0	0	1	0	0.000000%
2006	Switzerland	1	0	1	0	0	0.000000%
2006	Taiwan	0	0	0	0	0	0.000000%
2006	Thailand	0	0	0	0	0	0.000000%
2006	Tunisia	0	0	0	0	0	0.000000%
2006	Turkey	1	0	0	0	1	100.000000%
2006	Uganda	0	0	0	0	0	0.000000%
2006	Ukraine	0	0	0	0	0	0.000000%
2006	United Arab Emirates	0	0	0	0	0	0.000000%
2006	United Kingdom	33	1	7	1	24	72.727273%
2006	United States of America	143	10	37	6	90	62.937063%
2006	Uruguay	0	0	0	0	0	0.000000%
2006	Venezuela	0	0	0	0	0	0.000000%
2007	Albania	0	0	0	0	0	0.000000%
2007	Algeria	0	0	0	0	0	0.000000%
2007	Angola	0	0	0	0	0	0.000000%
2007	Argentina	1	0	0	0	1	100.000000%
2007	Australia	6	1	0	1	4	66.666667%
2007	Austria	1	0	0	0	1	100.000000%
2007	Bahamas	0	0	0	0	0	0.000000%
2007	Belgium	3	0	1	0	2	66.666667%
2007	Bolivia	0	0	0	0	0	0.000000%
2007	Bosnia and Herzegovina	0	0	0	0	0	0.000000%
2007	Brazil	3	2	0	0	1	33.333333%
2007	Bulgaria	0	0	0	0	0	0.000000%
2007	Cambodia	0	0	0	0	0	0.000000%
2007	Cameroon	0	0	0	0	0	0.000000%
2007	Canada	10	1	4	1	4	40.000000%
2007	Chile	0	0	0	0	0	0.000000%
2007	China	3	1	0	0	2	66.666667%
2007	Colombia	0	0	0	0	0	0.000000%
2007	Congo	0	0	0	0	0	0.000000%
2007	Costa Rica	0	0	0	0	0	0.000000%
2007	Croatia	0	0	0	0	0	0.000000%
2007	Cuba	0	0	0	0	0	0.000000%
2007	Cyprus	0	0	0	0	0	0.000000%
2007	Czech Republic	2	0	1	0	1	50.000000%
2007	Denmark	1	0	0	0	1	100.000000%
2007	Ecuador	0	0	0	0	0	0.000000%
2007	Egypt	0	0	0	0	0	0.000000%
2007	Estonia	0	0	0	0	0	0.000000%
2007	Finland	0	0	0	0	0	0.000000%
2007	France	25	1	5	3	16	64.000000%
2007	French Polynesia	0	0	0	0	0	0.000000%
2007	Georgia	0	0	0	0	0	0.000000%
2007	Germany	15	0	4	2	9	60.000000%
2007	Greece	0	0	0	0	0	0.000000%
2007	Hong Kong	1	0	0	0	1	100.000000%
2007	Hungary	1	0	0	0	1	100.000000%
2007	Iceland	1	0	0	0	1	100.000000%
2007	India	2	0	1	0	1	50.000000%
2007	Indonesia	0	0	0	0	0	0.000000%
2007	Iran	0	0	0	0	0	0.000000%
2007	Ireland	3	0	0	0	3	100.000000%
2007	Israel	4	1	1	0	2	50.000000%
2007	Italy	4	1	1	0	2	50.000000%
2007	Japan	11	1	1	2	7	63.636364%
2007	Jordan	0	0	0	0	0	0.000000%
2007	Kazakhstan	0	0	0	0	0	0.000000%
2007	Lebanon	1	0	0	1	0	0.000000%
2007	Liechtenstein	0	0	0	0	0	0.000000%
2007	Lithuania	0	0	0	0	0	0.000000%
2007	Luxembourg	0	0	0	0	0	0.000000%
2007	Malaysia	0	0	0	0	0	0.000000%
2007	Malta	0	0	0	0	0	0.000000%
2007	Mexico	2	0	0	0	2	100.000000%
2007	Mongolia	0	0	0	0	0	0.000000%
2007	Montenegro	0	0	0	0	0	0.000000%
2007	Morocco	0	0	0	0	0	0.000000%
2007	Netherlands	0	0	0	0	0	0.000000%
2007	Netherlands Antilles	0	0	0	0	0	0.000000%
2007	New Zealand	2	0	0	1	1	50.000000%
2007	Norway	0	0	0	0	0	0.000000%
2007	Pakistan	0	0	0	0	0	0.000000%
2007	Palestinian Territory	0	0	0	0	0	0.000000%
2007	Panama	0	0	0	0	0	0.000000%
2007	Peru	0	0	0	0	0	0.000000%
2007	Philippines	0	0	0	0	0	0.000000%
2007	Poland	2	0	0	0	2	100.000000%
2007	Portugal	0	0	0	0	0	0.000000%
2007	Puerto Rico	0	0	0	0	0	0.000000%
2007	Qatar	0	0	0	0	0	0.000000%
2007	Romania	1	0	0	0	1	100.000000%
2007	Russia	0	0	0	0	0	0.000000%
2007	Saudi Arabia	0	0	0	0	0	0.000000%
2007	Senegal	0	0	0	0	0	0.000000%
2007	Serbia	0	0	0	0	0	0.000000%
2007	Serbia and Montenegro	0	0	0	0	0	0.000000%
2007	Singapore	0	0	0	0	0	0.000000%
2007	Slovakia	1	0	0	0	1	100.000000%
2007	Slovenia	0	0	0	0	0	0.000000%
2007	South Africa	1	0	0	0	1	100.000000%
2007	South Korea	2	0	0	0	2	100.000000%
2007	Soviet Union	0	0	0	0	0	0.000000%
2007	Spain	7	2	0	0	5	71.428571%
2007	Sweden	0	0	0	0	0	0.000000%
2007	Switzerland	0	0	0	0	0	0.000000%
2007	Taiwan	1	0	0	0	1	100.000000%
2007	Thailand	0	0	0	0	0	0.000000%
2007	Tunisia	0	0	0	0	0	0.000000%
2007	Turkey	1	0	0	0	1	100.000000%
2007	Uganda	0	0	0	0	0	0.000000%
2007	Ukraine	1	0	0	0	1	100.000000%
2007	United Arab Emirates	0	0	0	0	0	0.000000%
2007	United Kingdom	34	1	10	1	22	64.705882%
2007	United States of America	154	9	38	15	92	59.740260%
2007	Uruguay	0	0	0	0	0	0.000000%
2007	Venezuela	0	0	0	0	0	0.000000%
2008	Albania	0	0	0	0	0	0.000000%
2008	Algeria	0	0	0	0	0	0.000000%
2008	Angola	0	0	0	0	0	0.000000%
2008	Argentina	2	0	0	0	2	100.000000%
2008	Australia	5	0	0	1	4	80.000000%
2008	Austria	1	0	1	0	0	0.000000%
2008	Bahamas	0	0	0	0	0	0.000000%
2008	Belgium	5	1	1	0	3	60.000000%
2008	Bolivia	0	0	0	0	0	0.000000%
2008	Bosnia and Herzegovina	0	0	0	0	0	0.000000%
2008	Brazil	2	0	0	0	2	100.000000%
2008	Bulgaria	1	0	1	0	0	0.000000%
2008	Cambodia	0	0	0	0	0	0.000000%
2008	Cameroon	0	0	0	0	0	0.000000%
2008	Canada	15	1	4	0	10	66.666667%
2008	Chile	0	0	0	0	0	0.000000%
2008	China	3	0	3	0	0	0.000000%
2008	Colombia	0	0	0	0	0	0.000000%
2008	Congo	0	0	0	0	0	0.000000%
2008	Costa Rica	0	0	0	0	0	0.000000%
2008	Croatia	0	0	0	0	0	0.000000%
2008	Cuba	0	0	0	0	0	0.000000%
2008	Cyprus	0	0	0	0	0	0.000000%
2008	Czech Republic	5	0	3	0	2	40.000000%
2008	Denmark	0	0	0	0	0	0.000000%
2008	Ecuador	0	0	0	0	0	0.000000%
2008	Egypt	0	0	0	0	0	0.000000%
2008	Estonia	0	0	0	0	0	0.000000%
2008	Finland	2	0	2	0	0	0.000000%
2008	France	27	2	6	3	16	59.259259%
2008	French Polynesia	0	0	0	0	0	0.000000%
2008	Georgia	0	0	0	0	0	0.000000%
2008	Germany	31	3	11	1	16	51.612903%
2008	Greece	0	0	0	0	0	0.000000%
2008	Hong Kong	4	1	3	0	0	0.000000%
2008	Hungary	3	0	2	0	1	33.333333%
2008	Iceland	0	0	0	0	0	0.000000%
2008	India	4	0	2	0	2	50.000000%
2008	Indonesia	0	0	0	0	0	0.000000%
2008	Iran	0	0	0	0	0	0.000000%
2008	Ireland	1	0	0	0	1	100.000000%
2008	Israel	2	1	0	0	1	50.000000%
2008	Italy	8	0	3	1	4	50.000000%
2008	Japan	10	0	1	0	9	90.000000%
2008	Jordan	0	0	0	0	0	0.000000%
2008	Kazakhstan	0	0	0	0	0	0.000000%
2008	Lebanon	0	0	0	0	0	0.000000%
2008	Liechtenstein	0	0	0	0	0	0.000000%
2008	Lithuania	1	0	0	0	1	100.000000%
2008	Luxembourg	0	0	0	0	0	0.000000%
2008	Malaysia	0	0	0	0	0	0.000000%
2008	Malta	0	0	0	0	0	0.000000%
2008	Mexico	3	1	0	0	2	66.666667%
2008	Mongolia	0	0	0	0	0	0.000000%
2008	Montenegro	0	0	0	0	0	0.000000%
2008	Morocco	1	0	1	0	0	0.000000%
2008	Netherlands	1	0	1	0	0	0.000000%
2008	Netherlands Antilles	0	0	0	0	0	0.000000%
2008	New Zealand	1	0	0	0	1	100.000000%
2008	Norway	1	0	1	0	0	0.000000%
2008	Pakistan	0	0	0	0	0	0.000000%
2008	Palestinian Territory	0	0	0	0	0	0.000000%
2008	Panama	0	0	0	0	0	0.000000%
2008	Peru	0	0	0	0	0	0.000000%
2008	Philippines	0	0	0	0	0	0.000000%
2008	Poland	1	0	0	0	1	100.000000%
2008	Portugal	0	0	0	0	0	0.000000%
2008	Puerto Rico	0	0	0	0	0	0.000000%
2008	Qatar	0	0	0	0	0	0.000000%
2008	Romania	1	0	1	0	0	0.000000%
2008	Russia	1	0	1	0	0	0.000000%
2008	Saudi Arabia	0	0	0	0	0	0.000000%
2008	Senegal	0	0	0	0	0	0.000000%
2008	Serbia	1	0	1	0	0	0.000000%
2008	Serbia and Montenegro	0	0	0	0	0	0.000000%
2008	Singapore	0	0	0	0	0	0.000000%
2008	Slovakia	0	0	0	0	0	0.000000%
2008	Slovenia	2	0	1	0	1	50.000000%
2008	South Africa	4	0	1	0	3	75.000000%
2008	South Korea	4	1	1	0	2	50.000000%
2008	Soviet Union	0	0	0	0	0	0.000000%
2008	Spain	7	0	1	0	6	85.714286%
2008	Sweden	3	0	2	0	1	33.333333%
2008	Switzerland	0	0	0	0	0	0.000000%
2008	Taiwan	1	0	1	0	0	0.000000%
2008	Thailand	0	0	0	0	0	0.000000%
2008	Tunisia	0	0	0	0	0	0.000000%
2008	Turkey	2	0	1	0	1	50.000000%
2008	Uganda	0	0	0	0	0	0.000000%
2008	Ukraine	0	0	0	0	0	0.000000%
2008	United Arab Emirates	0	0	0	0	0	0.000000%
2008	United Kingdom	44	4	11	4	25	56.818182%
2008	United States of America	160	9	44	14	93	58.125000%
2008	Uruguay	0	0	0	0	0	0.000000%
2008	Venezuela	0	0	0	0	0	0.000000%
2009	Albania	0	0	0	0	0	0.000000%
2009	Algeria	0	0	0	0	0	0.000000%
2009	Angola	0	0	0	0	0	0.000000%
2009	Argentina	3	0	2	0	1	33.333333%
2009	Australia	7	0	3	0	4	57.142857%
2009	Austria	3	0	0	0	3	100.000000%
2009	Bahamas	0	0	0	0	0	0.000000%
2009	Belgium	6	1	2	1	2	33.333333%
2009	Bolivia	0	0	0	0	0	0.000000%
2009	Bosnia and Herzegovina	1	0	0	0	1	100.000000%
2009	Brazil	1	0	0	1	0	0.000000%
2009	Bulgaria	0	0	0	0	0	0.000000%
2009	Cambodia	0	0	0	0	0	0.000000%
2009	Cameroon	1	0	0	0	1	100.000000%
2009	Canada	27	1	8	1	17	62.962963%
2009	Chile	2	1	0	0	1	50.000000%
2009	China	3	0	0	0	3	100.000000%
2009	Colombia	1	0	1	0	0	0.000000%
2009	Congo	0	0	0	0	0	0.000000%
2009	Costa Rica	0	0	0	0	0	0.000000%
2009	Croatia	0	0	0	0	0	0.000000%
2009	Cuba	0	0	0	0	0	0.000000%
2009	Cyprus	0	0	0	0	0	0.000000%
2009	Czech Republic	2	0	1	0	1	50.000000%
2009	Denmark	6	2	1	0	3	50.000000%
2009	Ecuador	0	0	0	0	0	0.000000%
2009	Egypt	1	0	0	0	1	100.000000%
2009	Estonia	0	0	0	0	0	0.000000%
2009	Finland	0	0	0	0	0	0.000000%
2009	France	44	6	8	4	26	59.090909%
2009	French Polynesia	0	0	0	0	0	0.000000%
2009	Georgia	0	0	0	0	0	0.000000%
2009	Germany	32	3	10	4	15	46.875000%
2009	Greece	1	0	0	0	1	100.000000%
2009	Hong Kong	2	0	0	0	2	100.000000%
2009	Hungary	0	0	0	0	0	0.000000%
2009	Iceland	1	0	0	0	1	100.000000%
2009	India	3	0	1	1	1	33.333333%
2009	Indonesia	0	0	0	0	0	0.000000%
2009	Iran	1	0	0	0	1	100.000000%
2009	Ireland	6	2	0	0	4	66.666667%
2009	Israel	5	1	1	1	2	40.000000%
2009	Italy	11	2	2	3	4	36.363636%
2009	Japan	14	1	2	1	10	71.428571%
2009	Jordan	0	0	0	0	0	0.000000%
2009	Kazakhstan	0	0	0	0	0	0.000000%
2009	Lebanon	1	1	0	0	0	0.000000%
2009	Liechtenstein	0	0	0	0	0	0.000000%
2009	Lithuania	0	0	0	0	0	0.000000%
2009	Luxembourg	0	0	0	0	0	0.000000%
2009	Malaysia	0	0	0	0	0	0.000000%
2009	Malta	0	0	0	0	0	0.000000%
2009	Mexico	1	0	0	0	1	100.000000%
2009	Mongolia	0	0	0	0	0	0.000000%
2009	Montenegro	0	0	0	0	0	0.000000%
2009	Morocco	0	0	0	0	0	0.000000%
2009	Netherlands	7	0	1	0	6	85.714286%
2009	Netherlands Antilles	0	0	0	0	0	0.000000%
2009	New Zealand	3	1	1	0	1	33.333333%
2009	Norway	1	0	0	1	0	0.000000%
2009	Pakistan	0	0	0	0	0	0.000000%
2009	Palestinian Territory	0	0	0	0	0	0.000000%
2009	Panama	0	0	0	0	0	0.000000%
2009	Peru	2	0	0	0	2	100.000000%
2009	Philippines	0	0	0	0	0	0.000000%
2009	Poland	2	1	1	0	0	0.000000%
2009	Portugal	0	0	0	0	0	0.000000%
2009	Puerto Rico	0	0	0	0	0	0.000000%
2009	Qatar	0	0	0	0	0	0.000000%
2009	Romania	2	0	1	1	0	0.000000%
2009	Russia	4	0	1	1	2	50.000000%
2009	Saudi Arabia	0	0	0	0	0	0.000000%
2009	Senegal	0	0	0	0	0	0.000000%
2009	Serbia	1	0	0	0	1	100.000000%
2009	Serbia and Montenegro	0	0	0	0	0	0.000000%
2009	Singapore	0	0	0	0	0	0.000000%
2009	Slovakia	0	0	0	0	0	0.000000%
2009	Slovenia	0	0	0	0	0	0.000000%
2009	South Africa	1	0	1	0	0	0.000000%
2009	South Korea	2	0	0	0	2	100.000000%
2009	Soviet Union	0	0	0	0	0	0.000000%
2009	Spain	9	1	4	0	4	44.444444%
2009	Sweden	7	1	0	0	6	85.714286%
2009	Switzerland	3	0	0	1	2	66.666667%
2009	Taiwan	0	0	0	0	0	0.000000%
2009	Thailand	0	0	0	0	0	0.000000%
2009	Tunisia	0	0	0	0	0	0.000000%
2009	Turkey	0	0	0	0	0	0.000000%
2009	Uganda	0	0	0	0	0	0.000000%
2009	Ukraine	0	0	0	0	0	0.000000%
2009	United Arab Emirates	0	0	0	0	0	0.000000%
2009	United Kingdom	53	6	14	6	27	50.943396%
2009	United States of America	173	13	48	20	92	53.179191%
2009	Uruguay	0	0	0	0	0	0.000000%
2009	Venezuela	0	0	0	0	0	0.000000%
2010	Albania	0	0	0	0	0	0.000000%
2010	Algeria	1	0	1	0	0	0.000000%
2010	Angola	1	0	0	0	1	100.000000%
2010	Argentina	2	0	0	0	2	100.000000%
2010	Australia	6	0	2	0	4	66.666667%
2010	Austria	0	0	0	0	0	0.000000%
2010	Bahamas	0	0	0	0	0	0.000000%
2010	Belgium	3	0	1	0	2	66.666667%
2010	Bolivia	0	0	0	0	0	0.000000%
2010	Bosnia and Herzegovina	0	0	0	0	0	0.000000%
2010	Brazil	1	0	0	0	1	100.000000%
2010	Bulgaria	0	0	0	0	0	0.000000%
2010	Cambodia	0	0	0	0	0	0.000000%
2010	Cameroon	0	0	0	0	0	0.000000%
2010	Canada	24	2	1	4	17	70.833333%
2010	Chile	1	0	1	0	0	0.000000%
2010	China	5	0	1	1	3	60.000000%
2010	Colombia	0	0	0	0	0	0.000000%
2010	Congo	1	0	0	0	1	100.000000%
2010	Costa Rica	0	0	0	0	0	0.000000%
2010	Croatia	0	0	0	0	0	0.000000%
2010	Cuba	0	0	0	0	0	0.000000%
2010	Cyprus	0	0	0	0	0	0.000000%
2010	Czech Republic	0	0	0	0	0	0.000000%
2010	Denmark	2	0	2	0	0	0.000000%
2010	Ecuador	0	0	0	0	0	0.000000%
2010	Egypt	0	0	0	0	0	0.000000%
2010	Estonia	0	0	0	0	0	0.000000%
2010	Finland	2	2	0	0	0	0.000000%
2010	France	41	9	9	0	23	56.097561%
2010	French Polynesia	0	0	0	0	0	0.000000%
2010	Georgia	0	0	0	0	0	0.000000%
2010	Germany	15	1	4	1	9	60.000000%
2010	Greece	0	0	0	0	0	0.000000%
2010	Hong Kong	3	0	2	0	1	33.333333%
2010	Hungary	3	1	1	0	1	33.333333%
2010	Iceland	0	0	0	0	0	0.000000%
2010	India	3	0	0	0	3	100.000000%
2010	Indonesia	0	0	0	0	0	0.000000%
2010	Iran	2	0	1	0	1	50.000000%
2010	Ireland	2	1	0	0	1	50.000000%
2010	Israel	1	0	1	0	0	0.000000%
2010	Italy	8	1	1	0	6	75.000000%
2010	Japan	9	1	2	1	5	55.555556%
2010	Jordan	0	0	0	0	0	0.000000%
2010	Kazakhstan	0	0	0	0	0	0.000000%
2010	Lebanon	0	0	0	0	0	0.000000%
2010	Liechtenstein	0	0	0	0	0	0.000000%
2010	Lithuania	0	0	0	0	0	0.000000%
2010	Luxembourg	0	0	0	0	0	0.000000%
2010	Malaysia	0	0	0	0	0	0.000000%
2010	Malta	0	0	0	0	0	0.000000%
2010	Mexico	4	0	2	0	2	50.000000%
2010	Mongolia	0	0	0	0	0	0.000000%
2010	Montenegro	0	0	0	0	0	0.000000%
2010	Morocco	0	0	0	0	0	0.000000%
2010	Netherlands	2	0	0	0	2	100.000000%
2010	Netherlands Antilles	0	0	0	0	0	0.000000%
2010	New Zealand	2	1	1	0	0	0.000000%
2010	Norway	4	2	2	0	0	0.000000%
2010	Pakistan	0	0	0	0	0	0.000000%
2010	Palestinian Territory	0	0	0	0	0	0.000000%
2010	Panama	0	0	0	0	0	0.000000%
2010	Peru	0	0	0	0	0	0.000000%
2010	Philippines	0	0	0	0	0	0.000000%
2010	Poland	3	2	1	0	0	0.000000%
2010	Portugal	1	0	0	0	1	100.000000%
2010	Puerto Rico	0	0	0	0	0	0.000000%
2010	Qatar	0	0	0	0	0	0.000000%
2010	Romania	0	0	0	0	0	0.000000%
2010	Russia	2	1	0	0	1	50.000000%
2010	Saudi Arabia	0	0	0	0	0	0.000000%
2010	Senegal	0	0	0	0	0	0.000000%
2010	Serbia	0	0	0	0	0	0.000000%
2010	Serbia and Montenegro	0	0	0	0	0	0.000000%
2010	Singapore	0	0	0	0	0	0.000000%
2010	Slovakia	0	0	0	0	0	0.000000%
2010	Slovenia	0	0	0	0	0	0.000000%
2010	South Africa	0	0	0	0	0	0.000000%
2010	South Korea	4	0	1	0	3	75.000000%
2010	Soviet Union	0	0	0	0	0	0.000000%
2010	Spain	13	2	2	2	7	53.846154%
2010	Sweden	5	2	3	0	0	0.000000%
2010	Switzerland	1	0	0	0	1	100.000000%
2010	Taiwan	1	0	1	0	0	0.000000%
2010	Thailand	1	0	0	0	1	100.000000%
2010	Tunisia	0	0	0	0	0	0.000000%
2010	Turkey	1	1	0	0	0	0.000000%
2010	Uganda	0	0	0	0	0	0.000000%
2010	Ukraine	0	0	0	0	0	0.000000%
2010	United Arab Emirates	2	1	0	0	1	50.000000%
2010	United Kingdom	39	6	14	3	16	41.025641%
2010	United States of America	187	21	43	11	112	59.893048%
2010	Uruguay	0	0	0	0	0	0.000000%
2010	Venezuela	0	0	0	0	0	0.000000%
2011	Albania	1	0	0	0	1	100.000000%
2011	Algeria	0	0	0	0	0	0.000000%
2011	Angola	0	0	0	0	0	0.000000%
2011	Argentina	1	1	0	0	0	0.000000%
2011	Australia	3	1	0	0	2	66.666667%
2011	Austria	3	0	1	1	1	33.333333%
2011	Bahamas	0	0	0	0	0	0.000000%
2011	Belgium	6	0	2	1	3	50.000000%
2011	Bolivia	1	0	1	0	0	0.000000%
2011	Bosnia and Herzegovina	1	0	1	0	0	0.000000%
2011	Brazil	1	0	0	0	1	100.000000%
2011	Bulgaria	0	0	0	0	0	0.000000%
2011	Cambodia	0	0	0	0	0	0.000000%
2011	Cameroon	0	0	0	0	0	0.000000%
2011	Canada	22	3	5	0	14	63.636364%
2011	Chile	0	0	0	0	0	0.000000%
2011	China	5	0	0	0	5	100.000000%
2011	Colombia	1	0	1	0	0	0.000000%
2011	Congo	0	0	0	0	0	0.000000%
2011	Costa Rica	0	0	0	0	0	0.000000%
2011	Croatia	0	0	0	0	0	0.000000%
2011	Cuba	1	0	1	0	0	0.000000%
2011	Cyprus	0	0	0	0	0	0.000000%
2011	Czech Republic	1	0	1	0	0	0.000000%
2011	Denmark	3	0	0	0	3	100.000000%
2011	Ecuador	0	0	0	0	0	0.000000%
2011	Egypt	1	0	0	0	1	100.000000%
2011	Estonia	0	0	0	0	0	0.000000%
2011	Finland	1	0	0	0	1	100.000000%
2011	France	43	3	12	2	26	60.465116%
2011	French Polynesia	0	0	0	0	0	0.000000%
2011	Georgia	0	0	0	0	0	0.000000%
2011	Germany	23	2	5	1	15	65.217391%
2011	Greece	3	0	1	0	2	66.666667%
2011	Hong Kong	5	0	0	0	5	100.000000%
2011	Hungary	3	1	0	0	2	66.666667%
2011	Iceland	1	1	0	0	0	0.000000%
2011	India	5	0	1	1	3	60.000000%
2011	Indonesia	1	1	0	0	0	0.000000%
2011	Iran	3	0	1	0	2	66.666667%
2011	Ireland	6	1	2	0	3	50.000000%
2011	Israel	1	0	0	1	0	0.000000%
2011	Italy	9	1	2	1	5	55.555556%
2011	Japan	5	1	0	0	4	80.000000%
2011	Jordan	0	0	0	0	0	0.000000%
2011	Kazakhstan	0	0	0	0	0	0.000000%
2011	Lebanon	1	0	0	0	1	100.000000%
2011	Liechtenstein	0	0	0	0	0	0.000000%
2011	Lithuania	0	0	0	0	0	0.000000%
2011	Luxembourg	1	0	0	0	1	100.000000%
2011	Malaysia	0	0	0	0	0	0.000000%
2011	Malta	0	0	0	0	0	0.000000%
2011	Mexico	0	0	0	0	0	0.000000%
2011	Mongolia	0	0	0	0	0	0.000000%
2011	Montenegro	0	0	0	0	0	0.000000%
2011	Morocco	0	0	0	0	0	0.000000%
2011	Netherlands	2	0	1	0	1	50.000000%
2011	Netherlands Antilles	0	0	0	0	0	0.000000%
2011	New Zealand	1	0	1	0	0	0.000000%
2011	Norway	5	0	4	0	1	20.000000%
2011	Pakistan	1	0	0	0	1	100.000000%
2011	Palestinian Territory	0	0	0	0	0	0.000000%
2011	Panama	0	0	0	0	0	0.000000%
2011	Peru	0	0	0	0	0	0.000000%
2011	Philippines	0	0	0	0	0	0.000000%
2011	Poland	1	0	0	0	1	100.000000%
2011	Portugal	0	0	0	0	0	0.000000%
2011	Puerto Rico	1	0	0	0	1	100.000000%
2011	Qatar	1	1	0	0	0	0.000000%
2011	Romania	0	0	0	0	0	0.000000%
2011	Russia	2	0	1	0	1	50.000000%
2011	Saudi Arabia	0	0	0	0	0	0.000000%
2011	Senegal	0	0	0	0	0	0.000000%
2011	Serbia	1	0	0	0	1	100.000000%
2011	Serbia and Montenegro	1	0	0	1	0	0.000000%
2011	Singapore	0	0	0	0	0	0.000000%
2011	Slovakia	0	0	0	0	0	0.000000%
2011	Slovenia	0	0	0	0	0	0.000000%
2011	South Africa	2	0	0	0	2	100.000000%
2011	South Korea	0	0	0	0	0	0.000000%
2011	Soviet Union	0	0	0	0	0	0.000000%
2011	Spain	10	0	4	0	6	60.000000%
2011	Sweden	6	0	1	0	5	83.333333%
2011	Switzerland	4	1	0	0	3	75.000000%
2011	Taiwan	0	0	0	0	0	0.000000%
2011	Thailand	0	0	0	0	0	0.000000%
2011	Tunisia	1	1	0	0	0	0.000000%
2011	Turkey	1	0	1	0	0	0.000000%
2011	Uganda	0	0	0	0	0	0.000000%
2011	Ukraine	0	0	0	0	0	0.000000%
2011	United Arab Emirates	5	1	1	0	3	60.000000%
2011	United Kingdom	42	0	8	5	29	69.047619%
2011	United States of America	203	16	49	13	125	61.576355%
2011	Uruguay	0	0	0	0	0	0.000000%
2011	Venezuela	0	0	0	0	0	0.000000%
2012	Albania	0	0	0	0	0	0.000000%
2012	Algeria	0	0	0	0	0	0.000000%
2012	Angola	0	0	0	0	0	0.000000%
2012	Argentina	0	0	0	0	0	0.000000%
2012	Australia	6	0	0	1	5	83.333333%
2012	Austria	3	1	0	0	2	66.666667%
2012	Bahamas	0	0	0	0	0	0.000000%
2012	Belgium	10	0	5	0	5	50.000000%
2012	Bolivia	0	0	0	0	0	0.000000%
2012	Bosnia and Herzegovina	0	0	0	0	0	0.000000%
2012	Brazil	4	0	1	0	3	75.000000%
2012	Bulgaria	0	0	0	0	0	0.000000%
2012	Cambodia	0	0	0	0	0	0.000000%
2012	Cameroon	0	0	0	0	0	0.000000%
2012	Canada	16	1	5	0	10	62.500000%
2012	Chile	1	0	1	0	0	0.000000%
2012	China	2	1	1	0	0	0.000000%
2012	Colombia	0	0	0	0	0	0.000000%
2012	Congo	0	0	0	0	0	0.000000%
2012	Costa Rica	0	0	0	0	0	0.000000%
2012	Croatia	1	0	0	0	1	100.000000%
2012	Cuba	0	0	0	0	0	0.000000%
2012	Cyprus	0	0	0	0	0	0.000000%
2012	Czech Republic	1	0	0	0	1	100.000000%
2012	Denmark	6	1	1	1	3	50.000000%
2012	Ecuador	0	0	0	0	0	0.000000%
2012	Egypt	0	0	0	0	0	0.000000%
2012	Estonia	0	0	0	0	0	0.000000%
2012	Finland	1	0	0	0	1	100.000000%
2012	France	33	0	8	3	22	66.666667%
2012	French Polynesia	0	0	0	0	0	0.000000%
2012	Georgia	0	0	0	0	0	0.000000%
2012	Germany	19	2	3	0	14	73.684211%
2012	Greece	0	0	0	0	0	0.000000%
2012	Hong Kong	3	0	2	0	1	33.333333%
2012	Hungary	2	0	2	0	0	0.000000%
2012	Iceland	0	0	0	0	0	0.000000%
2012	India	9	0	1	2	6	66.666667%
2012	Indonesia	0	0	0	0	0	0.000000%
2012	Iran	0	0	0	0	0	0.000000%
2012	Ireland	4	0	1	0	3	75.000000%
2012	Israel	1	1	0	0	0	0.000000%
2012	Italy	5	0	3	1	1	20.000000%
2012	Japan	5	0	0	0	5	100.000000%
2012	Jordan	0	0	0	0	0	0.000000%
2012	Kazakhstan	0	0	0	0	0	0.000000%
2012	Lebanon	0	0	0	0	0	0.000000%
2012	Liechtenstein	0	0	0	0	0	0.000000%
2012	Lithuania	1	0	1	0	0	0.000000%
2012	Luxembourg	2	0	1	0	1	50.000000%
2012	Malaysia	0	0	0	0	0	0.000000%
2012	Malta	0	0	0	0	0	0.000000%
2012	Mexico	4	0	1	0	3	75.000000%
2012	Mongolia	0	0	0	0	0	0.000000%
2012	Montenegro	0	0	0	0	0	0.000000%
2012	Morocco	0	0	0	0	0	0.000000%
2012	Netherlands	4	1	0	0	3	75.000000%
2012	Netherlands Antilles	0	0	0	0	0	0.000000%
2012	New Zealand	1	1	0	0	0	0.000000%
2012	Norway	3	1	0	0	2	66.666667%
2012	Pakistan	0	0	0	0	0	0.000000%
2012	Palestinian Territory	0	0	0	0	0	0.000000%
2012	Panama	0	0	0	0	0	0.000000%
2012	Peru	0	0	0	0	0	0.000000%
2012	Philippines	0	0	0	0	0	0.000000%
2012	Poland	1	0	0	0	1	100.000000%
2012	Portugal	2	0	1	0	1	50.000000%
2012	Puerto Rico	0	0	0	0	0	0.000000%
2012	Qatar	0	0	0	0	0	0.000000%
2012	Romania	1	0	0	0	1	100.000000%
2012	Russia	2	0	0	0	2	100.000000%
2012	Saudi Arabia	0	0	0	0	0	0.000000%
2012	Senegal	0	0	0	0	0	0.000000%
2012	Serbia	2	0	1	0	1	50.000000%
2012	Serbia and Montenegro	0	0	0	0	0	0.000000%
2012	Singapore	1	0	0	0	1	100.000000%
2012	Slovakia	0	0	0	0	0	0.000000%
2012	Slovenia	0	0	0	0	0	0.000000%
2012	South Africa	1	0	0	0	1	100.000000%
2012	South Korea	1	0	0	0	1	100.000000%
2012	Soviet Union	0	0	0	0	0	0.000000%
2012	Spain	11	0	4	2	5	45.454545%
2012	Sweden	7	1	1	1	4	57.142857%
2012	Switzerland	2	1	0	1	0	0.000000%
2012	Taiwan	1	0	1	0	0	0.000000%
2012	Thailand	0	0	0	0	0	0.000000%
2012	Tunisia	0	0	0	0	0	0.000000%
2012	Turkey	0	0	0	0	0	0.000000%
2012	Uganda	1	0	0	0	1	100.000000%
2012	Ukraine	0	0	0	0	0	0.000000%
2012	United Arab Emirates	0	0	0	0	0	0.000000%
2012	United Kingdom	37	2	10	3	22	59.459459%
2012	United States of America	196	11	43	21	121	61.734694%
2012	Uruguay	0	0	0	0	0	0.000000%
2012	Venezuela	0	0	0	0	0	0.000000%
2013	Albania	0	0	0	0	0	0.000000%
2013	Algeria	0	0	0	0	0	0.000000%
2013	Angola	0	0	0	0	0	0.000000%
2013	Argentina	1	0	0	0	1	100.000000%
2013	Australia	9	1	0	1	7	77.777778%
2013	Austria	0	0	0	0	0	0.000000%
2013	Bahamas	0	0	0	0	0	0.000000%
2013	Belgium	8	0	4	0	4	50.000000%
2013	Bolivia	0	0	0	0	0	0.000000%
2013	Bosnia and Herzegovina	0	0	0	0	0	0.000000%
2013	Brazil	4	1	0	0	3	75.000000%
2013	Bulgaria	0	0	0	0	0	0.000000%
2013	Cambodia	0	0	0	0	0	0.000000%
2013	Cameroon	0	0	0	0	0	0.000000%
2013	Canada	19	0	5	1	13	68.421053%
2013	Chile	2	0	0	0	2	100.000000%
2013	China	8	0	2	3	3	37.500000%
2013	Colombia	0	0	0	0	0	0.000000%
2013	Congo	0	0	0	0	0	0.000000%
2013	Costa Rica	0	0	0	0	0	0.000000%
2013	Croatia	1	0	1	0	0	0.000000%
2013	Cuba	0	0	0	0	0	0.000000%
2013	Cyprus	1	0	0	0	1	100.000000%
2013	Czech Republic	2	1	0	0	1	50.000000%
2013	Denmark	4	0	0	0	4	100.000000%
2013	Ecuador	1	0	0	0	1	100.000000%
2013	Egypt	0	0	0	0	0	0.000000%
2013	Estonia	1	1	0	0	0	0.000000%
2013	Finland	0	0	0	0	0	0.000000%
2013	France	39	3	6	2	28	71.794872%
2013	French Polynesia	1	0	0	0	1	100.000000%
2013	Georgia	1	1	0	0	0	0.000000%
2013	Germany	20	0	7	1	12	60.000000%
2013	Greece	1	0	0	0	1	100.000000%
2013	Hong Kong	4	0	1	1	2	50.000000%
2013	Hungary	0	0	0	0	0	0.000000%
2013	Iceland	1	0	0	0	1	100.000000%
2013	India	2	0	0	0	2	100.000000%
2013	Indonesia	1	0	0	0	1	100.000000%
2013	Iran	1	0	0	0	1	100.000000%
2013	Ireland	2	0	0	0	2	100.000000%
2013	Israel	2	0	0	0	2	100.000000%
2013	Italy	8	1	3	0	4	50.000000%
2013	Japan	9	1	0	0	8	88.888889%
2013	Jordan	1	0	0	0	1	100.000000%
2013	Kazakhstan	0	0	0	0	0	0.000000%
2013	Lebanon	0	0	0	0	0	0.000000%
2013	Liechtenstein	0	0	0	0	0	0.000000%
2013	Lithuania	0	0	0	0	0	0.000000%
2013	Luxembourg	1	0	0	0	1	100.000000%
2013	Malaysia	0	0	0	0	0	0.000000%
2013	Malta	1	0	0	0	1	100.000000%
2013	Mexico	2	1	0	0	1	50.000000%
2013	Mongolia	0	0	0	0	0	0.000000%
2013	Montenegro	1	0	1	0	0	0.000000%
2013	Morocco	0	0	0	0	0	0.000000%
2013	Netherlands	3	1	0	0	2	66.666667%
2013	Netherlands Antilles	1	0	0	0	1	100.000000%
2013	New Zealand	1	0	0	0	1	100.000000%
2013	Norway	1	0	0	0	1	100.000000%
2013	Pakistan	0	0	0	0	0	0.000000%
2013	Palestinian Territory	0	0	0	0	0	0.000000%
2013	Panama	1	0	0	0	1	100.000000%
2013	Peru	0	0	0	0	0	0.000000%
2013	Philippines	0	0	0	0	0	0.000000%
2013	Poland	3	1	0	0	2	66.666667%
2013	Portugal	1	0	1	0	0	0.000000%
2013	Puerto Rico	0	0	0	0	0	0.000000%
2013	Qatar	0	0	0	0	0	0.000000%
2013	Romania	2	1	0	0	1	50.000000%
2013	Russia	3	0	2	0	1	33.333333%
2013	Saudi Arabia	1	0	0	0	1	100.000000%
2013	Senegal	0	0	0	0	0	0.000000%
2013	Serbia	1	0	1	0	0	0.000000%
2013	Serbia and Montenegro	0	0	0	0	0	0.000000%
2013	Singapore	0	0	0	0	0	0.000000%
2013	Slovakia	0	0	0	0	0	0.000000%
2013	Slovenia	1	1	0	0	0	0.000000%
2013	South Africa	3	0	1	0	2	66.666667%
2013	South Korea	2	0	0	0	2	100.000000%
2013	Soviet Union	0	0	0	0	0	0.000000%
2013	Spain	9	2	1	1	5	55.555556%
2013	Sweden	6	0	2	1	3	50.000000%
2013	Switzerland	2	0	1	1	0	0.000000%
2013	Taiwan	0	0	0	0	0	0.000000%
2013	Thailand	1	0	0	0	1	100.000000%
2013	Tunisia	0	0	0	0	0	0.000000%
2013	Turkey	0	0	0	0	0	0.000000%
2013	Uganda	0	0	0	0	0	0.000000%
2013	Ukraine	0	0	0	0	0	0.000000%
2013	United Arab Emirates	1	0	0	0	1	100.000000%
2013	United Kingdom	43	7	9	2	25	58.139535%
2013	United States of America	224	14	38	23	149	66.517857%
2013	Uruguay	0	0	0	0	0	0.000000%
2013	Venezuela	0	0	0	0	0	0.000000%
2014	Albania	0	0	0	0	0	0.000000%
2014	Algeria	0	0	0	0	0	0.000000%
2014	Angola	0	0	0	0	0	0.000000%
2014	Argentina	3	1	1	0	1	33.333333%
2014	Australia	8	1	4	0	3	37.500000%
2014	Austria	2	1	0	1	0	0.000000%
2014	Bahamas	1	0	1	0	0	0.000000%
2014	Belgium	7	0	2	1	4	57.142857%
2014	Bolivia	0	0	0	0	0	0.000000%
2014	Bosnia and Herzegovina	0	0	0	0	0	0.000000%
2014	Brazil	6	1	2	1	2	33.333333%
2014	Bulgaria	1	0	1	0	0	0.000000%
2014	Cambodia	0	0	0	0	0	0.000000%
2014	Cameroon	0	0	0	0	0	0.000000%
2014	Canada	19	0	2	1	16	84.210526%
2014	Chile	0	0	0	0	0	0.000000%
2014	China	5	0	3	0	2	40.000000%
2014	Colombia	1	0	0	0	1	100.000000%
2014	Congo	0	0	0	0	0	0.000000%
2014	Costa Rica	0	0	0	0	0	0.000000%
2014	Croatia	1	0	1	0	0	0.000000%
2014	Cuba	1	0	0	0	1	100.000000%
2014	Cyprus	0	0	0	0	0	0.000000%
2014	Czech Republic	0	0	0	0	0	0.000000%
2014	Denmark	4	0	3	0	1	25.000000%
2014	Ecuador	0	0	0	0	0	0.000000%
2014	Egypt	0	0	0	0	0	0.000000%
2014	Estonia	0	0	0	0	0	0.000000%
2014	Finland	2	1	0	1	0	0.000000%
2014	France	36	2	4	5	25	69.444444%
2014	French Polynesia	0	0	0	0	0	0.000000%
2014	Georgia	0	0	0	0	0	0.000000%
2014	Germany	23	2	8	3	10	43.478261%
2014	Greece	1	0	0	1	0	0.000000%
2014	Hong Kong	0	0	0	0	0	0.000000%
2014	Hungary	2	0	1	0	1	50.000000%
2014	Iceland	1	0	0	0	1	100.000000%
2014	India	6	0	1	2	3	50.000000%
2014	Indonesia	0	0	0	0	0	0.000000%
2014	Iran	0	0	0	0	0	0.000000%
2014	Ireland	7	0	3	1	3	42.857143%
2014	Israel	1	0	0	0	1	100.000000%
2014	Italy	3	0	0	1	2	66.666667%
2014	Japan	7	0	0	3	4	57.142857%
2014	Jordan	0	0	0	0	0	0.000000%
2014	Kazakhstan	0	0	0	0	0	0.000000%
2014	Lebanon	0	0	0	0	0	0.000000%
2014	Liechtenstein	0	0	0	0	0	0.000000%
2014	Lithuania	0	0	0	0	0	0.000000%
2014	Luxembourg	2	0	0	1	1	50.000000%
2014	Malaysia	0	0	0	0	0	0.000000%
2014	Malta	0	0	0	0	0	0.000000%
2014	Mexico	4	1	0	1	2	50.000000%
2014	Mongolia	0	0	0	0	0	0.000000%
2014	Montenegro	0	0	0	0	0	0.000000%
2014	Morocco	0	0	0	0	0	0.000000%
2014	Netherlands	1	0	1	0	0	0.000000%
2014	Netherlands Antilles	0	0	0	0	0	0.000000%
2014	New Zealand	3	0	2	0	1	33.333333%
2014	Norway	3	0	2	0	1	33.333333%
2014	Pakistan	0	0	0	0	0	0.000000%
2014	Palestinian Territory	0	0	0	0	0	0.000000%
2014	Panama	0	0	0	0	0	0.000000%
2014	Peru	0	0	0	0	0	0.000000%
2014	Philippines	1	0	1	0	0	0.000000%
2014	Poland	1	0	0	0	1	100.000000%
2014	Portugal	0	0	0	0	0	0.000000%
2014	Puerto Rico	0	0	0	0	0	0.000000%
2014	Qatar	0	0	0	0	0	0.000000%
2014	Romania	0	0	0	0	0	0.000000%
2014	Russia	3	1	1	0	1	33.333333%
2014	Saudi Arabia	0	0	0	0	0	0.000000%
2014	Senegal	0	0	0	0	0	0.000000%
2014	Serbia	0	0	0	0	0	0.000000%
2014	Serbia and Montenegro	0	0	0	0	0	0.000000%
2014	Singapore	0	0	0	0	0	0.000000%
2014	Slovakia	0	0	0	0	0	0.000000%
2014	Slovenia	0	0	0	0	0	0.000000%
2014	South Africa	3	0	3	0	0	0.000000%
2014	South Korea	2	0	0	1	1	50.000000%
2014	Soviet Union	0	0	0	0	0	0.000000%
2014	Spain	12	1	4	3	4	33.333333%
2014	Sweden	6	0	3	0	3	50.000000%
2014	Switzerland	4	1	1	0	2	50.000000%
2014	Taiwan	0	0	0	0	0	0.000000%
2014	Thailand	0	0	0	0	0	0.000000%
2014	Tunisia	0	0	0	0	0	0.000000%
2014	Turkey	1	0	0	1	0	0.000000%
2014	Uganda	0	0	0	0	0	0.000000%
2014	Ukraine	0	0	0	0	0	0.000000%
2014	United Arab Emirates	2	0	0	0	2	100.000000%
2014	United Kingdom	54	4	19	4	27	50.000000%
2014	United States of America	237	13	49	27	148	62.447257%
2014	Uruguay	0	0	0	0	0	0.000000%
2014	Venezuela	0	0	0	0	0	0.000000%
2015	Albania	0	0	0	0	0	0.000000%
2015	Algeria	0	0	0	0	0	0.000000%
2015	Angola	0	0	0	0	0	0.000000%
2015	Argentina	0	0	0	0	0	0.000000%
2015	Australia	5	0	1	1	3	60.000000%
2015	Austria	0	0	0	0	0	0.000000%
2015	Bahamas	0	0	0	0	0	0.000000%
2015	Belgium	9	2	0	2	5	55.555556%
2015	Bolivia	0	0	0	0	0	0.000000%
2015	Bosnia and Herzegovina	0	0	0	0	0	0.000000%
2015	Brazil	3	0	0	0	3	100.000000%
2015	Bulgaria	0	0	0	0	0	0.000000%
2015	Cambodia	0	0	0	0	0	0.000000%
2015	Cameroon	0	0	0	0	0	0.000000%
2015	Canada	19	1	2	0	16	84.210526%
2015	Chile	2	0	0	0	2	100.000000%
2015	China	4	2	0	0	2	50.000000%
2015	Colombia	0	0	0	0	0	0.000000%
2015	Congo	0	0	0	0	0	0.000000%
2015	Costa Rica	0	0	0	0	0	0.000000%
2015	Croatia	0	0	0	0	0	0.000000%
2015	Cuba	0	0	0	0	0	0.000000%
2015	Cyprus	0	0	0	0	0	0.000000%
2015	Czech Republic	2	0	0	1	1	50.000000%
2015	Denmark	6	0	4	0	2	33.333333%
2015	Ecuador	0	0	0	0	0	0.000000%
2015	Egypt	0	0	0	0	0	0.000000%
2015	Estonia	0	0	0	0	0	0.000000%
2015	Finland	2	0	0	0	2	100.000000%
2015	France	28	3	8	0	17	60.714286%
2015	French Polynesia	0	0	0	0	0	0.000000%
2015	Georgia	0	0	0	0	0	0.000000%
2015	Germany	16	3	4	1	8	50.000000%
2015	Greece	1	0	0	0	1	100.000000%
2015	Hong Kong	4	1	0	1	2	50.000000%
2015	Hungary	2	0	0	0	2	100.000000%
2015	Iceland	3	1	1	1	0	0.000000%
2015	India	5	0	2	0	3	60.000000%
2015	Indonesia	1	1	0	0	0	0.000000%
2015	Iran	1	0	0	0	1	100.000000%
2015	Ireland	3	0	0	0	3	100.000000%
2015	Israel	0	0	0	0	0	0.000000%
2015	Italy	5	0	2	0	3	60.000000%
2015	Japan	7	0	2	0	5	71.428571%
2015	Jordan	0	0	0	0	0	0.000000%
2015	Kazakhstan	0	0	0	0	0	0.000000%
2015	Lebanon	0	0	0	0	0	0.000000%
2015	Liechtenstein	0	0	0	0	0	0.000000%
2015	Lithuania	1	0	0	0	1	100.000000%
2015	Luxembourg	2	0	0	0	2	100.000000%
2015	Malaysia	0	0	0	0	0	0.000000%
2015	Malta	0	0	0	0	0	0.000000%
2015	Mexico	2	1	1	0	0	0.000000%
2015	Mongolia	0	0	0	0	0	0.000000%
2015	Montenegro	0	0	0	0	0	0.000000%
2015	Morocco	0	0	0	0	0	0.000000%
2015	Netherlands	4	0	0	1	3	75.000000%
2015	Netherlands Antilles	0	0	0	0	0	0.000000%
2015	New Zealand	3	2	1	0	0	0.000000%
2015	Norway	3	0	2	0	1	33.333333%
2015	Pakistan	0	0	0	0	0	0.000000%
2015	Palestinian Territory	0	0	0	0	0	0.000000%
2015	Panama	0	0	0	0	0	0.000000%
2015	Peru	0	0	0	0	0	0.000000%
2015	Philippines	0	0	0	0	0	0.000000%
2015	Poland	2	0	2	0	0	0.000000%
2015	Portugal	0	0	0	0	0	0.000000%
2015	Puerto Rico	0	0	0	0	0	0.000000%
2015	Qatar	1	0	0	0	1	100.000000%
2015	Romania	2	0	1	1	0	0.000000%
2015	Russia	2	0	1	0	1	50.000000%
2015	Saudi Arabia	0	0	0	0	0	0.000000%
2015	Senegal	0	0	0	0	0	0.000000%
2015	Serbia	0	0	0	0	0	0.000000%
2015	Serbia and Montenegro	0	0	0	0	0	0.000000%
2015	Singapore	0	0	0	0	0	0.000000%
2015	Slovakia	0	0	0	0	0	0.000000%
2015	Slovenia	0	0	0	0	0	0.000000%
2015	South Africa	2	0	1	0	1	50.000000%
2015	South Korea	2	0	1	0	1	50.000000%
2015	Soviet Union	0	0	0	0	0	0.000000%
2015	Spain	4	1	2	1	0	0.000000%
2015	Sweden	5	0	0	1	4	80.000000%
2015	Switzerland	3	1	2	0	0	0.000000%
2015	Taiwan	1	1	0	0	0	0.000000%
2015	Thailand	0	0	0	0	0	0.000000%
2015	Tunisia	0	0	0	0	0	0.000000%
2015	Turkey	1	0	0	0	1	100.000000%
2015	Uganda	0	0	0	0	0	0.000000%
2015	Ukraine	1	0	0	0	1	100.000000%
2015	United Arab Emirates	0	0	0	0	0	0.000000%
2015	United Kingdom	47	4	12	4	27	57.446809%
2015	United States of America	183	15	40	20	108	59.016393%
2015	Uruguay	1	0	0	0	1	100.000000%
2015	Venezuela	0	0	0	0	0	0.000000%
2016	Albania	0	0	0	0	0	0.000000%
2016	Algeria	0	0	0	0	0	0.000000%
2016	Angola	0	0	0	0	0	0.000000%
2016	Argentina	1	1	0	0	0	0.000000%
2016	Australia	9	1	2	2	4	44.444444%
2016	Austria	1	0	0	0	1	100.000000%
2016	Bahamas	0	0	0	0	0	0.000000%
2016	Belgium	8	0	2	0	6	75.000000%
2016	Bolivia	0	0	0	0	0	0.000000%
2016	Bosnia and Herzegovina	0	0	0	0	0	0.000000%
2016	Brazil	1	0	0	0	1	100.000000%
2016	Bulgaria	0	0	0	0	0	0.000000%
2016	Cambodia	1	0	1	0	0	0.000000%
2016	Cameroon	0	0	0	0	0	0.000000%
2016	Canada	18	3	3	1	11	61.111111%
2016	Chile	2	1	0	0	1	50.000000%
2016	China	9	1	2	0	6	66.666667%
2016	Colombia	0	0	0	0	0	0.000000%
2016	Congo	0	0	0	0	0	0.000000%
2016	Costa Rica	0	0	0	0	0	0.000000%
2016	Croatia	0	0	0	0	0	0.000000%
2016	Cuba	0	0	0	0	0	0.000000%
2016	Cyprus	0	0	0	0	0	0.000000%
2016	Czech Republic	0	0	0	0	0	0.000000%
2016	Denmark	1	0	0	0	1	100.000000%
2016	Ecuador	0	0	0	0	0	0.000000%
2016	Egypt	0	0	0	0	0	0.000000%
2016	Estonia	0	0	0	0	0	0.000000%
2016	Finland	1	0	1	0	0	0.000000%
2016	France	34	4	5	1	24	70.588235%
2016	French Polynesia	0	0	0	0	0	0.000000%
2016	Georgia	0	0	0	0	0	0.000000%
2016	Germany	12	0	5	1	6	50.000000%
2016	Greece	0	0	0	0	0	0.000000%
2016	Hong Kong	5	1	1	1	2	40.000000%
2016	Hungary	1	0	0	1	0	0.000000%
2016	Iceland	0	0	0	0	0	0.000000%
2016	India	6	0	0	1	5	83.333333%
2016	Indonesia	0	0	0	0	0	0.000000%
2016	Iran	1	0	0	0	1	100.000000%
2016	Ireland	6	1	2	0	3	50.000000%
2016	Israel	1	0	0	0	1	100.000000%
2016	Italy	2	0	0	1	1	50.000000%
2016	Japan	7	2	2	0	3	42.857143%
2016	Jordan	1	0	0	0	1	100.000000%
2016	Kazakhstan	0	0	0	0	0	0.000000%
2016	Lebanon	0	0	0	0	0	0.000000%
2016	Liechtenstein	0	0	0	0	0	0.000000%
2016	Lithuania	0	0	0	0	0	0.000000%
2016	Luxembourg	0	0	0	0	0	0.000000%
2016	Malaysia	0	0	0	0	0	0.000000%
2016	Malta	2	0	1	1	0	0.000000%
2016	Mexico	3	2	0	0	1	33.333333%
2016	Mongolia	1	0	1	0	0	0.000000%
2016	Montenegro	0	0	0	0	0	0.000000%
2016	Morocco	1	0	0	1	0	0.000000%
2016	Netherlands	1	0	0	0	1	100.000000%
2016	Netherlands Antilles	0	0	0	0	0	0.000000%
2016	New Zealand	2	0	0	0	2	100.000000%
2016	Norway	1	0	1	0	0	0.000000%
2016	Pakistan	0	0	0	0	0	0.000000%
2016	Palestinian Territory	0	0	0	0	0	0.000000%
2016	Panama	0	0	0	0	0	0.000000%
2016	Peru	0	0	0	0	0	0.000000%
2016	Philippines	0	0	0	0	0	0.000000%
2016	Poland	1	0	0	0	1	100.000000%
2016	Portugal	0	0	0	0	0	0.000000%
2016	Puerto Rico	1	0	0	0	1	100.000000%
2016	Qatar	2	0	0	0	2	100.000000%
2016	Romania	1	0	0	1	0	0.000000%
2016	Russia	2	0	1	0	1	50.000000%
2016	Saudi Arabia	0	0	0	0	0	0.000000%
2016	Senegal	0	0	0	0	0	0.000000%
2016	Serbia	0	0	0	0	0	0.000000%
2016	Serbia and Montenegro	0	0	0	0	0	0.000000%
2016	Singapore	0	0	0	0	0	0.000000%
2016	Slovakia	0	0	0	0	0	0.000000%
2016	Slovenia	0	0	0	0	0	0.000000%
2016	South Africa	3	0	1	0	2	66.666667%
2016	South Korea	2	0	0	0	2	100.000000%
2016	Soviet Union	0	0	0	0	0	0.000000%
2016	Spain	7	2	1	1	3	42.857143%
2016	Sweden	0	0	0	0	0	0.000000%
2016	Switzerland	1	0	0	0	1	100.000000%
2016	Taiwan	2	1	1	0	0	0.000000%
2016	Thailand	0	0	0	0	0	0.000000%
2016	Tunisia	0	0	0	0	0	0.000000%
2016	Turkey	0	0	0	0	0	0.000000%
2016	Uganda	0	0	0	0	0	0.000000%
2016	Ukraine	1	0	1	0	0	0.000000%
2016	United Arab Emirates	0	0	0	0	0	0.000000%
2016	United Kingdom	41	4	10	3	24	58.536585%
2016	United States of America	187	13	35	28	111	59.358289%
2016	Uruguay	0	0	0	0	0	0.000000%
2016	Venezuela	0	0	0	0	0	0.000000%
2017	Albania	0	0	0	0	0	0.000000%
2017	Algeria	0	0	0	0	0	0.000000%
2017	Angola	0	0	0	0	0	0.000000%
2017	Argentina	0	0	0	0	0	0.000000%
2017	Australia	4	0	2	0	2	50.000000%
2017	Austria	0	0	0	0	0	0.000000%
2017	Bahamas	0	0	0	0	0	0.000000%
2017	Belgium	2	0	0	0	2	100.000000%
2017	Bolivia	0	0	0	0	0	0.000000%
2017	Bosnia and Herzegovina	0	0	0	0	0	0.000000%
2017	Brazil	1	0	0	0	1	100.000000%
2017	Bulgaria	0	0	0	0	0	0.000000%
2017	Cambodia	0	0	0	0	0	0.000000%
2017	Cameroon	0	0	0	0	0	0.000000%
2017	Canada	7	0	1	0	6	85.714286%
2017	Chile	0	0	0	0	0	0.000000%
2017	China	1	0	0	0	1	100.000000%
2017	Colombia	0	0	0	0	0	0.000000%
2017	Congo	0	0	0	0	0	0.000000%
2017	Costa Rica	0	0	0	0	0	0.000000%
2017	Croatia	0	0	0	0	0	0.000000%
2017	Cuba	0	0	0	0	0	0.000000%
2017	Cyprus	0	0	0	0	0	0.000000%
2017	Czech Republic	1	0	0	0	1	100.000000%
2017	Denmark	1	0	0	0	1	100.000000%
2017	Ecuador	0	0	0	0	0	0.000000%
2017	Egypt	0	0	0	0	0	0.000000%
2017	Estonia	0	0	0	0	0	0.000000%
2017	Finland	1	0	0	0	1	100.000000%
2017	France	7	2	1	0	4	57.142857%
2017	French Polynesia	0	0	0	0	0	0.000000%
2017	Georgia	0	0	0	0	0	0.000000%
2017	Germany	2	0	0	0	2	100.000000%
2017	Greece	0	0	0	0	0	0.000000%
2017	Hong Kong	1	0	0	0	1	100.000000%
2017	Hungary	1	0	0	0	1	100.000000%
2017	Iceland	0	0	0	0	0	0.000000%
2017	India	1	0	0	0	1	100.000000%
2017	Indonesia	0	0	0	0	0	0.000000%
2017	Iran	0	0	0	0	0	0.000000%
2017	Ireland	0	0	0	0	0	0.000000%
2017	Israel	0	0	0	0	0	0.000000%
2017	Italy	1	0	0	0	1	100.000000%
2017	Japan	2	1	0	0	1	50.000000%
2017	Jordan	0	0	0	0	0	0.000000%
2017	Kazakhstan	0	0	0	0	0	0.000000%
2017	Lebanon	1	0	0	0	1	100.000000%
2017	Liechtenstein	0	0	0	0	0	0.000000%
2017	Lithuania	0	0	0	0	0	0.000000%
2017	Luxembourg	0	0	0	0	0	0.000000%
2017	Malaysia	0	0	0	0	0	0.000000%
2017	Malta	0	0	0	0	0	0.000000%
2017	Mexico	0	0	0	0	0	0.000000%
2017	Mongolia	0	0	0	0	0	0.000000%
2017	Montenegro	0	0	0	0	0	0.000000%
2017	Morocco	0	0	0	0	0	0.000000%
2017	Netherlands	1	1	0	0	0	0.000000%
2017	Netherlands Antilles	0	0	0	0	0	0.000000%
2017	New Zealand	2	0	0	0	2	100.000000%
2017	Norway	0	0	0	0	0	0.000000%
2017	Pakistan	0	0	0	0	0	0.000000%
2017	Palestinian Territory	0	0	0	0	0	0.000000%
2017	Panama	0	0	0	0	0	0.000000%
2017	Peru	0	0	0	0	0	0.000000%
2017	Philippines	0	0	0	0	0	0.000000%
2017	Poland	0	0	0	0	0	0.000000%
2017	Portugal	0	0	0	0	0	0.000000%
2017	Puerto Rico	0	0	0	0	0	0.000000%
2017	Qatar	0	0	0	0	0	0.000000%
2017	Romania	0	0	0	0	0	0.000000%
2017	Russia	0	0	0	0	0	0.000000%
2017	Saudi Arabia	0	0	0	0	0	0.000000%
2017	Senegal	1	0	0	0	1	100.000000%
2017	Serbia	0	0	0	0	0	0.000000%
2017	Serbia and Montenegro	0	0	0	0	0	0.000000%
2017	Singapore	0	0	0	0	0	0.000000%
2017	Slovakia	0	0	0	0	0	0.000000%
2017	Slovenia	0	0	0	0	0	0.000000%
2017	South Africa	1	0	1	0	0	0.000000%
2017	South Korea	1	0	0	0	1	100.000000%
2017	Soviet Union	0	0	0	0	0	0.000000%
2017	Spain	0	0	0	0	0	0.000000%
2017	Sweden	1	0	0	0	1	100.000000%
2017	Switzerland	1	0	0	0	1	100.000000%
2017	Taiwan	0	0	0	0	0	0.000000%
2017	Thailand	0	0	0	0	0	0.000000%
2017	Tunisia	0	0	0	0	0	0.000000%
2017	Turkey	0	0	0	0	0	0.000000%
2017	Uganda	0	0	0	0	0	0.000000%
2017	Ukraine	0	0	0	0	0	0.000000%
2017	United Arab Emirates	0	0	0	0	0	0.000000%
2017	United Kingdom	14	3	1	0	10	71.428571%
2017	United States of America	84	3	17	3	61	72.619048%
2017	Uruguay	0	0	0	0	0	0.000000%
2017	Venezuela	0	0	0	0	0	0.000000%
2018	Albania	0	0	0	0	0	0.000000%
2018	Algeria	0	0	0	0	0	0.000000%
2018	Angola	0	0	0	0	0	0.000000%
2018	Argentina	0	0	0	0	0	0.000000%
2018	Australia	0	0	0	0	0	0.000000%
2018	Austria	0	0	0	0	0	0.000000%
2018	Bahamas	0	0	0	0	0	0.000000%
2018	Belgium	0	0	0	0	0	0.000000%
2018	Bolivia	0	0	0	0	0	0.000000%
2018	Bosnia and Herzegovina	0	0	0	0	0	0.000000%
2018	Brazil	0	0	0	0	0	0.000000%
2018	Bulgaria	0	0	0	0	0	0.000000%
2018	Cambodia	0	0	0	0	0	0.000000%
2018	Cameroon	0	0	0	0	0	0.000000%
2018	Canada	0	0	0	0	0	0.000000%
2018	Chile	0	0	0	0	0	0.000000%
2018	China	0	0	0	0	0	0.000000%
2018	Colombia	0	0	0	0	0	0.000000%
2018	Congo	0	0	0	0	0	0.000000%
2018	Costa Rica	0	0	0	0	0	0.000000%
2018	Croatia	0	0	0	0	0	0.000000%
2018	Cuba	0	0	0	0	0	0.000000%
2018	Cyprus	0	0	0	0	0	0.000000%
2018	Czech Republic	0	0	0	0	0	0.000000%
2018	Denmark	0	0	0	0	0	0.000000%
2018	Ecuador	0	0	0	0	0	0.000000%
2018	Egypt	0	0	0	0	0	0.000000%
2018	Estonia	0	0	0	0	0	0.000000%
2018	Finland	0	0	0	0	0	0.000000%
2018	France	0	0	0	0	0	0.000000%
2018	French Polynesia	0	0	0	0	0	0.000000%
2018	Georgia	0	0	0	0	0	0.000000%
2018	Germany	0	0	0	0	0	0.000000%
2018	Greece	0	0	0	0	0	0.000000%
2018	Hong Kong	0	0	0	0	0	0.000000%
2018	Hungary	0	0	0	0	0	0.000000%
2018	Iceland	0	0	0	0	0	0.000000%
2018	India	0	0	0	0	0	0.000000%
2018	Indonesia	0	0	0	0	0	0.000000%
2018	Iran	0	0	0	0	0	0.000000%
2018	Ireland	0	0	0	0	0	0.000000%
2018	Israel	0	0	0	0	0	0.000000%
2018	Italy	0	0	0	0	0	0.000000%
2018	Japan	0	0	0	0	0	0.000000%
2018	Jordan	0	0	0	0	0	0.000000%
2018	Kazakhstan	0	0	0	0	0	0.000000%
2018	Lebanon	0	0	0	0	0	0.000000%
2018	Liechtenstein	0	0	0	0	0	0.000000%
2018	Lithuania	0	0	0	0	0	0.000000%
2018	Luxembourg	0	0	0	0	0	0.000000%
2018	Malaysia	0	0	0	0	0	0.000000%
2018	Malta	0	0	0	0	0	0.000000%
2018	Mexico	0	0	0	0	0	0.000000%
2018	Mongolia	0	0	0	0	0	0.000000%
2018	Montenegro	0	0	0	0	0	0.000000%
2018	Morocco	0	0	0	0	0	0.000000%
2018	Netherlands	0	0	0	0	0	0.000000%
2018	Netherlands Antilles	0	0	0	0	0	0.000000%
2018	New Zealand	0	0	0	0	0	0.000000%
2018	Norway	0	0	0	0	0	0.000000%
2018	Pakistan	0	0	0	0	0	0.000000%
2018	Palestinian Territory	0	0	0	0	0	0.000000%
2018	Panama	0	0	0	0	0	0.000000%
2018	Peru	0	0	0	0	0	0.000000%
2018	Philippines	0	0	0	0	0	0.000000%
2018	Poland	0	0	0	0	0	0.000000%
2018	Portugal	0	0	0	0	0	0.000000%
2018	Puerto Rico	0	0	0	0	0	0.000000%
2018	Qatar	0	0	0	0	0	0.000000%
2018	Romania	0	0	0	0	0	0.000000%
2018	Russia	0	0	0	0	0	0.000000%
2018	Saudi Arabia	0	0	0	0	0	0.000000%
2018	Senegal	0	0	0	0	0	0.000000%
2018	Serbia	0	0	0	0	0	0.000000%
2018	Serbia and Montenegro	0	0	0	0	0	0.000000%
2018	Singapore	0	0	0	0	0	0.000000%
2018	Slovakia	0	0	0	0	0	0.000000%
2018	Slovenia	0	0	0	0	0	0.000000%
2018	South Africa	0	0	0	0	0	0.000000%
2018	South Korea	0	0	0	0	0	0.000000%
2018	Soviet Union	0	0	0	0	0	0.000000%
2018	Spain	0	0	0	0	0	0.000000%
2018	Sweden	0	0	0	0	0	0.000000%
2018	Switzerland	0	0	0	0	0	0.000000%
2018	Taiwan	0	0	0	0	0	0.000000%
2018	Thailand	0	0	0	0	0	0.000000%
2018	Tunisia	0	0	0	0	0	0.000000%
2018	Turkey	0	0	0	0	0	0.000000%
2018	Uganda	0	0	0	0	0	0.000000%
2018	Ukraine	0	0	0	0	0	0.000000%
2018	United Arab Emirates	0	0	0	0	0	0.000000%
2018	United Kingdom	0	0	0	0	0	0.000000%
2018	United States of America	1	0	1	0	0	0.000000%
2018	Uruguay	0	0	0	0	0	0.000000%
2018	Venezuela	0	0	0	0	0	0.000000%
2019	Albania	0	0	0	0	0	0.000000%
2019	Algeria	0	0	0	0	0	0.000000%
2019	Angola	0	0	0	0	0	0.000000%
2019	Argentina	0	0	0	0	0	0.000000%
2019	Australia	0	0	0	0	0	0.000000%
2019	Austria	0	0	0	0	0	0.000000%
2019	Bahamas	0	0	0	0	0	0.000000%
2019	Belgium	0	0	0	0	0	0.000000%
2019	Bolivia	0	0	0	0	0	0.000000%
2019	Bosnia and Herzegovina	0	0	0	0	0	0.000000%
2019	Brazil	0	0	0	0	0	0.000000%
2019	Bulgaria	0	0	0	0	0	0.000000%
2019	Cambodia	0	0	0	0	0	0.000000%
2019	Cameroon	0	0	0	0	0	0.000000%
2019	Canada	0	0	0	0	0	0.000000%
2019	Chile	0	0	0	0	0	0.000000%
2019	China	0	0	0	0	0	0.000000%
2019	Colombia	0	0	0	0	0	0.000000%
2019	Congo	0	0	0	0	0	0.000000%
2019	Costa Rica	0	0	0	0	0	0.000000%
2019	Croatia	0	0	0	0	0	0.000000%
2019	Cuba	0	0	0	0	0	0.000000%
2019	Cyprus	0	0	0	0	0	0.000000%
2019	Czech Republic	0	0	0	0	0	0.000000%
2019	Denmark	0	0	0	0	0	0.000000%
2019	Ecuador	0	0	0	0	0	0.000000%
2019	Egypt	0	0	0	0	0	0.000000%
2019	Estonia	0	0	0	0	0	0.000000%
2019	Finland	0	0	0	0	0	0.000000%
2019	France	0	0	0	0	0	0.000000%
2019	French Polynesia	0	0	0	0	0	0.000000%
2019	Georgia	0	0	0	0	0	0.000000%
2019	Germany	0	0	0	0	0	0.000000%
2019	Greece	0	0	0	0	0	0.000000%
2019	Hong Kong	0	0	0	0	0	0.000000%
2019	Hungary	0	0	0	0	0	0.000000%
2019	Iceland	0	0	0	0	0	0.000000%
2019	India	0	0	0	0	0	0.000000%
2019	Indonesia	0	0	0	0	0	0.000000%
2019	Iran	0	0	0	0	0	0.000000%
2019	Ireland	0	0	0	0	0	0.000000%
2019	Israel	0	0	0	0	0	0.000000%
2019	Italy	0	0	0	0	0	0.000000%
2019	Japan	0	0	0	0	0	0.000000%
2019	Jordan	0	0	0	0	0	0.000000%
2019	Kazakhstan	0	0	0	0	0	0.000000%
2019	Lebanon	0	0	0	0	0	0.000000%
2019	Liechtenstein	0	0	0	0	0	0.000000%
2019	Lithuania	0	0	0	0	0	0.000000%
2019	Luxembourg	0	0	0	0	0	0.000000%
2019	Malaysia	0	0	0	0	0	0.000000%
2019	Malta	0	0	0	0	0	0.000000%
2019	Mexico	0	0	0	0	0	0.000000%
2019	Mongolia	0	0	0	0	0	0.000000%
2019	Montenegro	0	0	0	0	0	0.000000%
2019	Morocco	0	0	0	0	0	0.000000%
2019	Netherlands	0	0	0	0	0	0.000000%
2019	Netherlands Antilles	0	0	0	0	0	0.000000%
2019	New Zealand	0	0	0	0	0	0.000000%
2019	Norway	0	0	0	0	0	0.000000%
2019	Pakistan	0	0	0	0	0	0.000000%
2019	Palestinian Territory	0	0	0	0	0	0.000000%
2019	Panama	0	0	0	0	0	0.000000%
2019	Peru	0	0	0	0	0	0.000000%
2019	Philippines	0	0	0	0	0	0.000000%
2019	Poland	0	0	0	0	0	0.000000%
2019	Portugal	0	0	0	0	0	0.000000%
2019	Puerto Rico	0	0	0	0	0	0.000000%
2019	Qatar	0	0	0	0	0	0.000000%
2019	Romania	0	0	0	0	0	0.000000%
2019	Russia	0	0	0	0	0	0.000000%
2019	Saudi Arabia	0	0	0	0	0	0.000000%
2019	Senegal	0	0	0	0	0	0.000000%
2019	Serbia	0	0	0	0	0	0.000000%
2019	Serbia and Montenegro	0	0	0	0	0	0.000000%
2019	Singapore	0	0	0	0	0	0.000000%
2019	Slovakia	0	0	0	0	0	0.000000%
2019	Slovenia	0	0	0	0	0	0.000000%
2019	South Africa	0	0	0	0	0	0.000000%
2019	South Korea	0	0	0	0	0	0.000000%
2019	Soviet Union	0	0	0	0	0	0.000000%
2019	Spain	0	0	0	0	0	0.000000%
2019	Sweden	0	0	0	0	0	0.000000%
2019	Switzerland	0	0	0	0	0	0.000000%
2019	Taiwan	0	0	0	0	0	0.000000%
2019	Thailand	0	0	0	0	0	0.000000%
2019	Tunisia	0	0	0	0	0	0.000000%
2019	Turkey	0	0	0	0	0	0.000000%
2019	Uganda	0	0	0	0	0	0.000000%
2019	Ukraine	0	0	0	0	0	0.000000%
2019	United Arab Emirates	0	0	0	0	0	0.000000%
2019	United Kingdom	0	0	0	0	0	0.000000%
2019	United States of America	0	0	0	0	0	0.000000%
2019	Uruguay	0	0	0	0	0	0.000000%
2019	Venezuela	0	0	0	0	0	0.000000%
